,num_sensors,record_freq,record_bytes,stochasticity,mean_mining_time,std,min,max
0,10,0.001,1,0,1.0,0.0,1.0,1.0
1,10,0.01,1,0,1.0,0.0,1.0,1.0
2,10,0.1,1,0,1.0016977928692699,0.04120428217151646,1.0,2.0
3,10,1.0,1,0,1.0033333333333334,0.05764833040850809,1.0,2.0
4,10,0.001,10,0,1.0,0.0,1.0,1.0
5,10,0.01,10,0,1.0,0.0,1.0,1.0
6,10,0.1,10,0,1.001564945226917,0.03955938860646178,1.0,2.0
7,10,1.0,10,0,1.0033333333333334,0.05764833040850809,1.0,2.0
8,10,0.001,100,0,Failed on tick 300,,,
9,10,0.01,100,0,1.0,0.0,1.0,1.0
10,10,0.1,100,0,1.0018796992481203,0.043355498476206,1.0,2.0
11,10,1.0,100,0,103.51923076923077,60.070475753156906,2.0,207.0
12,10,0.001,1,0,1.0,0.0,1.0,1.0
13,10,0.01,1,0,1.0,0.0,1.0,1.0
14,10,0.1,1,0,1.0,0.0,1.0,1.0
15,10,1.0,1,0,1.0033333333333334,0.05764833040850809,1.0,2.0
16,10,0.001,10,0,1.0,0.0,1.0,1.0
17,10,0.01,10,0,1.0,0.0,1.0,1.0
18,10,0.1,10,0,1.003780718336484,0.0614292917514851,1.0,2.0
19,10,1.0,10,0,1.0033333333333334,0.05764833040850809,1.0,2.0
20,10,0.001,100,0,1.0,0.0,1.0,1.0
21,10,0.01,100,0,1.0,0.0,1.0,1.0
22,10,0.1,100,0,1.011049723756906,0.13538043742224878,1.0,3.0
23,10,1.0,100,0,103.51923076923077,60.070475753156906,2.0,207.0
24,10,0.001,1,0,1.0,0.0,1.0,1.0
25,10,0.01,1,0,1.0,0.0,1.0,1.0
26,10,0.1,1,0,1.0015337423312884,0.03916302249939787,1.0,2.0
27,10,1.0,1,0,1.0033333333333334,0.05764833040850809,1.0,2.0
28,10,0.001,10,0,1.0,0.0,1.0,1.0
29,10,0.01,10,0,1.0,0.0,1.0,1.0
30,10,0.1,10,0,1.005181347150259,0.07185693156131119,1.0,2.0
31,10,1.0,10,0,1.0033333333333334,0.05764833040850809,1.0,2.0
32,10,0.001,100,0,1.0,0.0,1.0,1.0
33,10,0.01,100,0,1.0,0.0,1.0,1.0
34,10,0.1,100,0,1.0017857142857143,0.042257712736425826,1.0,2.0
35,10,1.0,100,0,103.51923076923077,60.070475753156906,2.0,207.0
36,10,0.001,1,0,1.0,0.0,1.0,1.0
37,10,0.01,1,0,1.0,0.0,1.0,1.0
38,10,0.1,1,0,1.0,0.0,1.0,1.0
39,10,1.0,1,0,1.0033333333333334,0.05764833040850809,1.0,2.0
40,10,0.001,10,0,1.0,0.0,1.0,1.0
41,10,0.01,10,0,1.0,0.0,1.0,1.0
42,10,0.1,10,0,1.0,0.0,1.0,1.0
43,10,1.0,10,0,1.0033333333333334,0.05764833040850809,1.0,2.0
44,10,0.001,100,0,1.0,0.0,1.0,1.0
45,10,0.01,100,0,1.0,0.0,1.0,1.0
46,10,0.1,100,0,1.0071428571428571,0.10335541067065167,1.0,3.0
47,10,1.0,100,0,103.51923076923077,60.070475753156906,2.0,207.0
48,10,0.001,1,0,1.0,0.0,1.0,1.0
49,10,0.01,1,0,1.0185185185185186,0.1360827634879543,1.0,2.0
50,10,0.1,1,0,1.0017699115044247,0.04207031619116712,1.0,2.0
51,10,1.0,1,0,1.0033333333333334,0.05764833040850809,1.0,2.0
52,10,0.001,10,0,1.0,0.0,1.0,1.0
53,10,0.01,10,0,1.0,0.0,1.0,1.0
54,10,0.1,10,0,1.0,0.0,1.0,1.0
55,10,1.0,10,0,1.0033333333333334,0.05764833040850809,1.0,2.0
56,10,0.001,100,0,1.0,0.0,1.0,1.0
57,10,0.01,100,0,1.0,0.0,1.0,1.0
58,10,0.1,100,0,1.001763668430335,0.0419960525565808,1.0,2.0
59,10,1.0,100,0,103.51923076923077,60.070475753156906,2.0,207.0
60,10,0.001,1,0,1.0,0.0,1.0,1.0
61,10,0.01,1,0,1.0,0.0,1.0,1.0
62,10,0.1,1,0,1.0034904013961605,0.059027953512023605,1.0,2.0
63,10,1.0,1,0,1.0033333333333334,0.05764833040850809,1.0,2.0
64,10,0.001,10,0,1.1666666666666667,0.408248290463863,1.0,2.0
65,10,0.01,10,0,1.0,0.0,1.0,1.0
66,10,0.1,10,0,1.0018181818181817,0.04264014327112209,1.0,2.0
67,10,1.0,10,0,1.0033333333333334,0.05764833040850809,1.0,2.0
68,10,0.001,100,0,1.0,0.0,1.0,1.0
69,10,0.01,100,0,1.0,0.0,1.0,1.0
70,10,0.1,100,0,1.0087260034904013,0.11027912759663776,1.0,3.0
71,10,1.0,100,0,103.51923076923077,60.070475753156906,2.0,207.0
72,10,0.001,1,0,1.0,0.0,1.0,1.0
73,10,0.01,1,0,1.0,0.0,1.0,1.0
74,10,0.1,1,0,1.0017123287671232,0.0413802944301184,1.0,2.0
75,10,1.0,1,0,1.0033333333333334,0.05764833040850809,1.0,2.0
76,10,0.001,10,0,1.0,0.0,1.0,1.0
77,10,0.01,10,0,1.0,0.0,1.0,1.0
78,10,0.1,10,0,1.0050251256281406,0.07076908075185363,1.0,2.0
79,10,1.0,10,0,1.0033333333333334,0.05764833040850809,1.0,2.0
80,10,0.001,100,0,1.0,0.0,1.0,1.0
81,10,0.01,100,0,1.0,0.0,1.0,1.0
82,10,0.1,100,0,1.01875,0.1845987061604684,1.0,4.0
83,10,1.0,100,0,103.51923076923077,60.070475753156906,2.0,207.0
84,10,0.001,1,0,1.0,0.0,1.0,1.0
85,10,0.01,1,0,1.0,0.0,1.0,1.0
86,10,0.1,1,0,1.0,0.0,1.0,1.0
87,10,1.0,1,0,1.0033333333333334,0.05764833040850809,1.0,2.0
88,10,0.001,10,0,Failed on tick 300,,,
89,10,0.01,10,0,1.0,0.0,1.0,1.0
90,10,0.1,10,0,1.0052539404553416,0.07235679357566113,1.0,2.0
91,10,1.0,10,0,1.0033333333333334,0.05764833040850809,1.0,2.0
92,10,0.001,100,0,1.0,0.0,1.0,1.0
93,10,0.01,100,0,1.0,0.0,1.0,1.0
94,10,0.1,100,0,1.0,0.0,1.0,1.0
95,10,1.0,100,0,103.51923076923077,60.070475753156906,2.0,207.0
96,10,0.001,1,0,1.0,0.0,1.0,1.0
97,10,0.01,1,0,1.0,0.0,1.0,1.0
98,10,0.1,1,0,1.0034071550255537,0.058321014804535734,1.0,2.0
99,10,1.0,1,0,1.0033333333333334,0.05764833040850809,1.0,2.0
100,10,0.001,10,0,1.0,0.0,1.0,1.0
101,10,0.01,10,0,1.0,0.0,1.0,1.0
102,10,0.1,10,0,1.0017182130584192,0.041451333614483915,1.0,2.0
103,10,1.0,10,0,1.0033333333333334,0.05764833040850809,1.0,2.0
104,10,0.001,100,0,1.0,0.0,1.0,1.0
105,10,0.01,100,0,1.0,0.0,1.0,1.0
106,10,0.1,100,0,1.0165562913907285,0.19028841288013046,1.0,4.0
107,10,1.0,100,0,103.51923076923077,60.070475753156906,2.0,207.0
108,10,0.001,1,0,1.0,0.0,1.0,1.0
109,10,0.01,1,0,1.0,0.0,1.0,1.0
110,10,0.1,1,0,1.0017035775127767,0.0412744171706498,1.0,2.0
111,10,1.0,1,0,1.0033333333333334,0.05764833040850809,1.0,2.0
112,10,0.001,10,0,1.0,0.0,1.0,1.0
113,10,0.01,10,0,1.0185185185185186,0.1360827634879543,1.0,2.0
114,10,0.1,10,0,1.0016447368421053,0.040555355282690636,1.0,2.0
115,10,1.0,10,0,1.0033333333333334,0.05764833040850809,1.0,2.0
116,10,0.001,100,0,1.0,0.0,1.0,1.0
117,10,0.01,100,0,1.0,0.0,1.0,1.0
118,10,0.1,100,0,1.0162748643761301,0.15259545729827723,1.0,3.0
119,10,1.0,100,0,103.51923076923077,60.070475753156906,2.0,207.0
120,10,0.001,1,0,1.0,0.0,1.0,1.0
121,10,0.01,1,0,1.0,0.0,1.0,1.0
122,10,0.1,1,0,1.0038387715930903,0.061898217583599105,1.0,2.0
123,10,1.0,1,0,1.0033333333333334,0.05764833040850809,1.0,2.0
124,10,0.001,10,0,1.0,0.0,1.0,1.0
125,10,0.01,10,0,1.0,0.0,1.0,1.0
126,10,0.1,10,0,1.0031298904538342,0.055901562316483765,1.0,2.0
127,10,1.0,10,0,1.0033333333333334,0.05764833040850809,1.0,2.0
128,10,0.001,100,0,1.0,0.0,1.0,1.0
129,10,0.01,100,0,1.0,0.0,1.0,1.0
130,10,0.1,100,0,1.015075376884422,0.17790881462764885,1.0,4.0
131,10,1.0,100,0,103.51923076923077,60.070475753156906,2.0,207.0
132,10,0.001,1,0,1.0,0.0,1.0,1.0
133,10,0.01,1,0,1.0,0.0,1.0,1.0
134,10,0.1,1,0,1.0017152658662092,0.04141576832812912,1.0,2.0
135,10,1.0,1,0,1.0033333333333334,0.05764833040850809,1.0,2.0
136,10,0.001,10,0,1.0,0.0,1.0,1.0
137,10,0.01,10,0,1.0,0.0,1.0,1.0
138,10,0.1,10,0,1.0015576323987538,0.03946685189819291,1.0,2.0
139,10,1.0,10,0,1.0033333333333334,0.05764833040850809,1.0,2.0
140,10,0.001,100,0,1.0,0.0,1.0,1.0
141,10,0.01,100,0,1.0,0.0,1.0,1.0
142,10,0.1,100,0,1.0,0.0,1.0,1.0
143,10,1.0,100,0,103.51923076923077,60.070475753156906,2.0,207.0
144,10,0.001,1,0,1.0,0.0,1.0,1.0
145,10,0.01,1,0,1.0,0.0,1.0,1.0
146,10,0.1,1,0,1.0018832391713748,0.04339630366027464,1.0,2.0
147,10,1.0,1,0,1.0033333333333334,0.05764833040850809,1.0,2.0
148,10,0.001,10,0,Failed on tick 300,,,
149,10,0.01,10,0,1.0,0.0,1.0,1.0
150,10,0.1,10,0,1.0018181818181817,0.04264014327112209,1.0,2.0
151,10,1.0,10,0,1.0033333333333334,0.05764833040850809,1.0,2.0
152,10,0.001,100,0,1.0,0.0,1.0,1.0
153,10,0.01,100,0,1.0,0.0,1.0,1.0
154,10,0.1,100,0,1.0036968576709797,0.06074546598928707,1.0,2.0
155,10,1.0,100,0,103.51923076923077,60.070475753156906,2.0,207.0
156,10,0.001,1,0,1.0,0.0,1.0,1.0
157,10,0.01,1,0,1.0,0.0,1.0,1.0
158,10,0.1,1,0,1.0,0.0,1.0,1.0
159,10,1.0,1,0,1.0033333333333334,0.05764833040850809,1.0,2.0
160,10,0.001,10,0,1.0,0.0,1.0,1.0
161,10,0.01,10,0,1.0,0.0,1.0,1.0
162,10,0.1,10,0,1.0034482758620689,0.05867129017357541,1.0,2.0
163,10,1.0,10,0,1.0033333333333334,0.05764833040850809,1.0,2.0
164,10,0.001,100,0,1.0,0.0,1.0,1.0
165,10,0.01,100,0,1.0,0.0,1.0,1.0
166,10,0.1,100,0,1.0017452006980803,0.04177559931443569,1.0,2.0
167,10,1.0,100,0,103.51923076923077,60.070475753156906,2.0,207.0
168,10,0.001,1,0,Failed on tick 300,,,
169,10,0.01,1,0,1.0,0.0,1.0,1.0
170,10,0.1,1,0,1.0018018018018018,0.04244763599780088,1.0,2.0
171,10,1.0,1,0,1.0033333333333334,0.05764833040850809,1.0,2.0
172,10,0.001,10,0,1.0,0.0,1.0,1.0
173,10,0.01,10,0,1.0,0.0,1.0,1.0
174,10,0.1,10,0,1.0,0.0,1.0,1.0
175,10,1.0,10,0,1.0033333333333334,0.05764833040850809,1.0,2.0
176,10,0.001,100,0,1.0,0.0,1.0,1.0
177,10,0.01,100,0,1.0,0.0,1.0,1.0
178,10,0.1,100,0,1.0,0.0,1.0,1.0
179,10,1.0,100,0,103.51923076923077,60.070475753156906,2.0,207.0
180,10,0.001,1,0,1.0,0.0,1.0,1.0
181,10,0.01,1,0,1.0,0.0,1.0,1.0
182,10,0.1,1,0,1.0,0.0,1.0,1.0
183,10,1.0,1,0,1.0033333333333334,0.05764833040850809,1.0,2.0
184,10,0.001,10,0,1.0,0.0,1.0,1.0
185,10,0.01,10,0,1.0,0.0,1.0,1.0
186,10,0.1,10,0,1.0,0.0,1.0,1.0
187,10,1.0,10,0,1.0033333333333334,0.05764833040850809,1.0,2.0
188,10,0.001,100,0,1.0,0.0,1.0,1.0
189,10,0.01,100,0,1.0,0.0,1.0,1.0
190,10,0.1,100,0,1.0100334448160535,0.12903325198994883,1.0,3.0
191,10,1.0,100,0,103.51923076923077,60.070475753156906,2.0,207.0
192,10,0.001,1,0,1.0,0.0,1.0,1.0
193,10,0.01,1,0,1.0,0.0,1.0,1.0
194,10,0.1,1,0,1.001751313485114,0.04184869753186873,1.0,2.0
195,10,1.0,1,0,1.0033333333333334,0.05764833040850809,1.0,2.0
196,10,0.001,10,0,1.0,0.0,1.0,1.0
197,10,0.01,10,0,1.0151515151515151,0.12309149097933271,1.0,2.0
198,10,0.1,10,0,1.0016920473773265,0.041134503489486364,1.0,2.0
199,10,1.0,10,0,1.0033333333333334,0.05764833040850809,1.0,2.0
200,10,0.001,100,0,1.0,0.0,1.0,1.0
201,10,0.01,100,0,1.0,0.0,1.0,1.0
202,10,0.1,100,0,1.0018315018315018,0.042796049251091296,1.0,2.0
203,10,1.0,100,0,103.51923076923077,60.070475753156906,2.0,207.0
204,10,0.001,1,0,1.0,0.0,1.0,1.0
205,10,0.01,1,0,1.0,0.0,1.0,1.0
206,10,0.1,1,0,1.0035026269702276,0.059131057919090034,1.0,2.0
207,10,1.0,1,0,1.0033333333333334,0.05764833040850809,1.0,2.0
208,10,0.001,10,0,1.0,0.0,1.0,1.0
209,10,0.01,10,0,1.0,0.0,1.0,1.0
210,10,0.1,10,0,1.0,0.0,1.0,1.0
211,10,1.0,10,0,1.0033333333333334,0.05764833040850809,1.0,2.0
212,10,0.001,100,0,1.0,0.0,1.0,1.0
213,10,0.01,100,0,1.0,0.0,1.0,1.0
214,10,0.1,100,0,1.0048780487804878,0.06972918593228646,1.0,2.0
215,10,1.0,100,0,103.51923076923077,60.070475753156906,2.0,207.0
216,10,0.001,1,0,1.0,0.0,1.0,1.0
217,10,0.01,1,0,1.0,0.0,1.0,1.0
218,10,0.1,1,0,1.0034246575342465,0.05847036288646263,1.0,2.0
219,10,1.0,1,0,1.0033333333333334,0.05764833040850809,1.0,2.0
220,10,0.001,10,0,1.0,0.0,1.0,1.0
221,10,0.01,10,0,1.0,0.0,1.0,1.0
222,10,0.1,10,0,1.0,0.0,1.0,1.0
223,10,1.0,10,0,1.0033333333333334,0.05764833040850809,1.0,2.0
224,10,0.001,100,0,1.0,0.0,1.0,1.0
225,10,0.01,100,0,1.0,0.0,1.0,1.0
226,10,0.1,100,0,1.0017889087656529,0.04229549344378135,1.0,2.0
227,10,1.0,100,0,103.51923076923077,60.070475753156906,2.0,207.0
228,10,0.001,1,0,1.0,0.0,1.0,1.0
229,10,0.01,1,0,1.0,0.0,1.0,1.0
230,10,0.1,1,0,1.0,0.0,1.0,1.0
231,10,1.0,1,0,1.0033333333333334,0.05764833040850809,1.0,2.0
232,10,0.001,10,0,1.0,0.0,1.0,1.0
233,10,0.01,10,0,1.0108695652173914,0.10425720702853734,1.0,2.0
234,10,0.1,10,0,1.0,0.0,1.0,1.0
235,10,1.0,10,0,1.0033333333333334,0.05764833040850809,1.0,2.0
236,10,0.001,100,0,1.0,0.0,1.0,1.0
237,10,0.01,100,0,1.0,0.0,1.0,1.0
238,10,0.1,100,0,1.0033726812816188,0.05802572002878892,1.0,2.0
239,10,1.0,100,0,103.51923076923077,60.070475753156906,2.0,207.0
240,10,0.001,1,0,1.0,0.0,1.0,1.0
241,10,0.01,1,0,1.0,0.0,1.0,1.0
242,10,0.1,1,0,1.001763668430335,0.0419960525565808,1.0,2.0
243,10,1.0,1,0,1.0033333333333334,0.05764833040850809,1.0,2.0
244,10,0.001,10,0,1.0,0.0,1.0,1.0
245,10,0.01,10,0,1.0,0.0,1.0,1.0
246,10,0.1,10,0,1.0016638935108153,0.0407908508224002,1.0,2.0
247,10,1.0,10,0,1.0033333333333334,0.05764833040850809,1.0,2.0
248,10,0.001,100,0,1.0,0.0,1.0,1.0
249,10,0.01,100,0,1.0,0.0,1.0,1.0
250,10,0.1,100,0,1.0072332730560578,0.10400552963783204,1.0,3.0
251,10,1.0,100,0,103.51923076923077,60.070475753156906,2.0,207.0
252,10,0.001,1,0,1.0,0.0,1.0,1.0
253,10,0.01,1,0,1.0,0.0,1.0,1.0
254,10,0.1,1,0,1.001763668430335,0.0419960525565808,1.0,2.0
255,10,1.0,1,0,1.0033333333333334,0.05764833040850809,1.0,2.0
256,10,0.001,10,0,1.0,0.0,1.0,1.0
257,10,0.01,10,0,1.0,0.0,1.0,1.0
258,10,0.1,10,0,1.0016666666666667,0.040824829046386304,1.0,2.0
259,10,1.0,10,0,1.0033333333333334,0.05764833040850809,1.0,2.0
260,10,0.001,100,0,1.0,0.0,1.0,1.0
261,10,0.01,100,0,1.0,0.0,1.0,1.0
262,10,0.1,100,0,1.001628664495114,0.04035671561356309,1.0,2.0
263,10,1.0,100,0,103.51923076923077,60.070475753156906,2.0,207.0
264,10,0.001,1,0,1.0,0.0,1.0,1.0
265,10,0.01,1,0,1.0,0.0,1.0,1.0
266,10,0.1,1,0,1.0,0.0,1.0,1.0
267,10,1.0,1,0,1.0033333333333334,0.05764833040850809,1.0,2.0
268,10,0.001,10,0,1.0,0.0,1.0,1.0
269,10,0.01,10,0,1.0,0.0,1.0,1.0
270,10,0.1,10,0,1.0040733197556009,0.06375740630029116,1.0,2.0
271,10,1.0,10,0,1.0033333333333334,0.05764833040850809,1.0,2.0
272,10,0.001,100,0,1.0,0.0,1.0,1.0
273,10,0.01,100,0,1.0,0.0,1.0,1.0
274,10,0.1,100,0,1.0033726812816188,0.05802572002878892,1.0,2.0
275,10,1.0,100,0,103.51923076923077,60.070475753156906,2.0,207.0
276,10,0.001,1,0,1.0,0.0,1.0,1.0
277,10,0.01,1,0,1.0,0.0,1.0,1.0
278,10,0.1,1,0,1.0017889087656529,0.04229549344378135,1.0,2.0
279,10,1.0,1,0,1.0033333333333334,0.05764833040850809,1.0,2.0
280,10,0.001,10,0,1.0,0.0,1.0,1.0
281,10,0.01,10,0,1.0,0.0,1.0,1.0
282,10,0.1,10,0,1.0018018018018018,0.04244763599780088,1.0,2.0
283,10,1.0,10,0,1.0033333333333334,0.05764833040850809,1.0,2.0
284,10,0.001,100,0,Failed on tick 300,,,
285,10,0.01,100,0,1.0,0.0,1.0,1.0
286,10,0.1,100,0,1.0184331797235022,0.14559586766810262,1.0,3.0
287,10,1.0,100,0,103.51923076923077,60.070475753156906,2.0,207.0
288,10,0.001,1,0,1.0,0.0,1.0,1.0
289,10,0.01,1,0,1.0,0.0,1.0,1.0
290,10,0.1,1,0,1.0034305317324186,0.058520401126432496,1.0,2.0
291,10,1.0,1,0,1.0033333333333334,0.05764833040850809,1.0,2.0
292,10,0.001,10,0,1.0,0.0,1.0,1.0
293,10,0.01,10,0,1.0,0.0,1.0,1.0
294,10,0.1,10,0,1.0018416206261511,0.04291410754228744,1.0,2.0
295,10,1.0,10,0,1.0033333333333334,0.05764833040850809,1.0,2.0
296,10,0.001,100,0,1.0,0.0,1.0,1.0
297,10,0.01,100,0,1.0,0.0,1.0,1.0
298,10,0.1,100,0,1.003683241252302,0.06063370023538931,1.0,2.0
299,10,1.0,100,0,103.51923076923077,60.070475753156906,2.0,207.0
300,10,0.001,1,0,1.0,0.0,1.0,1.0
301,10,0.01,1,0,1.0,0.0,1.0,1.0
302,10,0.1,1,0,1.0,0.0,1.0,1.0
303,10,1.0,1,0,1.0033333333333334,0.05764833040850809,1.0,2.0
304,10,0.001,10,0,1.0,0.0,1.0,1.0
305,10,0.01,10,0,1.0,0.0,1.0,1.0
306,10,0.1,10,0,1.0072859744990892,0.08512395536732838,1.0,2.0
307,10,1.0,10,0,1.0033333333333334,0.05764833040850809,1.0,2.0
308,10,0.001,100,0,1.0,0.0,1.0,1.0
309,10,0.01,100,0,1.0,0.0,1.0,1.0
310,10,0.1,100,0,1.0629800307219661,0.47461371943669883,1.0,7.0
311,10,1.0,100,0,103.51923076923077,60.070475753156906,2.0,207.0
312,10,0.001,1,0,1.0,0.0,1.0,1.0
313,10,0.01,1,0,1.0,0.0,1.0,1.0
314,10,0.1,1,0,1.0,0.0,1.0,1.0
315,10,1.0,1,0,1.0033333333333334,0.05764833040850809,1.0,2.0
316,10,0.001,10,0,1.0,0.0,1.0,1.0
317,10,0.01,10,0,1.0,0.0,1.0,1.0
318,10,0.1,10,0,1.0018484288354899,0.04299335803923476,1.0,2.0
319,10,1.0,10,0,1.0033333333333334,0.05764833040850809,1.0,2.0
320,10,0.001,100,0,1.0,0.0,1.0,1.0
321,10,0.01,100,0,1.0,0.0,1.0,1.0
322,10,0.1,100,0,1.0,0.0,1.0,1.0
323,10,1.0,100,0,103.51923076923077,60.070475753156906,2.0,207.0
324,10,0.001,1,0,1.0,0.0,1.0,1.0
325,10,0.01,1,0,1.0,0.0,1.0,1.0
326,10,0.1,1,0,1.0,0.0,1.0,1.0
327,10,1.0,1,0,1.0033333333333334,0.05764833040850809,1.0,2.0
328,10,0.001,10,0,1.0,0.0,1.0,1.0
329,10,0.01,10,0,1.0,0.0,1.0,1.0
330,10,0.1,10,0,1.0019417475728156,0.04406526492392317,1.0,2.0
331,10,1.0,10,0,1.0033333333333334,0.05764833040850809,1.0,2.0
332,10,0.001,100,0,1.0,0.0,1.0,1.0
333,10,0.01,100,0,1.0,0.0,1.0,1.0
334,10,0.1,100,0,1.02,0.228959792367453,1.0,5.0
335,10,1.0,100,0,103.51923076923077,60.070475753156906,2.0,207.0
336,10,0.001,1,0,1.0,0.0,1.0,1.0
337,10,0.01,1,0,1.0,0.0,1.0,1.0
338,10,0.1,1,0,1.0016949152542374,0.04116934847963091,1.0,2.0
339,10,1.0,1,0,1.0033333333333334,0.05764833040850809,1.0,2.0
340,10,0.001,10,0,1.0,0.0,1.0,1.0
341,10,0.01,10,0,1.0,0.0,1.0,1.0
342,10,0.1,10,0,1.0,0.0,1.0,1.0
343,10,1.0,10,0,1.0033333333333334,0.05764833040850809,1.0,2.0
344,10,0.001,100,0,1.0,0.0,1.0,1.0
345,10,0.01,100,0,1.0,0.0,1.0,1.0
346,10,0.1,100,0,1.0,0.0,1.0,1.0
347,10,1.0,100,0,103.51923076923077,60.070475753156906,2.0,207.0
348,10,0.001,1,0,1.0,0.0,1.0,1.0
349,10,0.01,1,0,1.0,0.0,1.0,1.0
350,10,0.1,1,0,1.00164744645799,0.040588747923409954,1.0,2.0
351,10,1.0,1,0,1.0033333333333334,0.05764833040850809,1.0,2.0
352,10,0.001,10,0,1.0,0.0,1.0,1.0
353,10,0.01,10,0,1.0185185185185186,0.1360827634879543,1.0,2.0
354,10,0.1,10,0,1.0031695721077654,0.05625425353631251,1.0,2.0
355,10,1.0,10,0,1.0033333333333334,0.05764833040850809,1.0,2.0
356,10,0.001,100,0,1.0,0.0,1.0,1.0
357,10,0.01,100,0,1.0,0.0,1.0,1.0
358,10,0.1,100,0,1.0016949152542374,0.04116934847963091,1.0,2.0
359,10,1.0,100,0,103.51923076923077,60.070475753156906,2.0,207.0
360,10,0.001,1,0,1.0,0.0,1.0,1.0
361,10,0.01,1,0,1.0,0.0,1.0,1.0
362,10,0.1,1,0,1.001865671641791,0.04319342127906802,1.0,2.0
363,10,1.0,1,0,1.0033333333333334,0.05764833040850809,1.0,2.0
364,10,0.001,10,0,1.0,0.0,1.0,1.0
365,10,0.01,10,0,1.0,0.0,1.0,1.0
366,10,0.1,10,0,1.0,0.0,1.0,1.0
367,10,1.0,10,0,1.0033333333333334,0.05764833040850809,1.0,2.0
368,10,0.001,100,0,1.0,0.0,1.0,1.0
369,10,0.01,100,0,1.0,0.0,1.0,1.0
370,10,0.1,100,0,1.0055045871559634,0.07405639542392017,1.0,2.0
371,10,1.0,100,0,103.51923076923077,60.070475753156906,2.0,207.0
372,10,0.001,1,0,1.0,0.0,1.0,1.0
373,10,0.01,1,0,1.0,0.0,1.0,1.0
374,10,0.1,1,0,1.0051635111876076,0.07173357635456232,1.0,2.0
375,10,1.0,1,0,1.0033333333333334,0.05764833040850809,1.0,2.0
376,10,0.001,10,0,1.0,0.0,1.0,1.0
377,10,0.01,10,0,1.0,0.0,1.0,1.0
378,10,0.1,10,0,1.0037383177570094,0.06108450836307654,1.0,2.0
379,10,1.0,10,0,1.0033333333333334,0.05764833040850809,1.0,2.0
380,10,0.001,100,0,1.0,0.0,1.0,1.0
381,10,0.01,100,0,1.0,0.0,1.0,1.0
382,10,0.1,100,0,1.0033783783783783,0.05807462442498985,1.0,2.0
383,10,1.0,100,0,103.51923076923077,60.070475753156906,2.0,207.0
384,10,0.001,1,0,1.0,0.0,1.0,1.0
385,10,0.01,1,0,1.0,0.0,1.0,1.0
386,10,0.1,1,0,1.00187617260788,0.043314808182421,1.0,2.0
387,10,1.0,1,0,1.0033333333333334,0.05764833040850809,1.0,2.0
388,10,0.001,10,0,1.0,0.0,1.0,1.0
389,10,0.01,10,0,1.0,0.0,1.0,1.0
390,10,0.1,10,0,1.0017482517482517,0.04181210050035455,1.0,2.0
391,10,1.0,10,0,1.0033333333333334,0.05764833040850809,1.0,2.0
392,10,0.001,100,0,1.0,0.0,1.0,1.0
393,10,0.01,100,0,1.0,0.0,1.0,1.0
394,10,0.1,100,0,1.0359589041095891,0.3421375221625425,1.0,6.0
395,10,1.0,100,0,103.51923076923077,60.070475753156906,2.0,207.0
396,10,0.001,1,0,1.0,0.0,1.0,1.0
397,10,0.01,1,0,1.0185185185185186,0.1360827634879543,1.0,2.0
398,10,0.1,1,0,1.0052447552447552,0.07229373986440821,1.0,2.0
399,10,1.0,1,0,1.0033333333333334,0.05764833040850809,1.0,2.0
400,10,0.001,10,0,1.0,0.0,1.0,1.0
401,10,0.01,10,0,1.0166666666666666,0.1290994448735806,1.0,2.0
402,10,0.1,10,0,1.0053191489361701,0.07280283787618996,1.0,2.0
403,10,1.0,10,0,1.0033333333333334,0.05764833040850809,1.0,2.0
404,10,0.001,100,0,1.0,0.0,1.0,1.0
405,10,0.01,100,0,1.0,0.0,1.0,1.0
406,10,0.1,100,0,1.0033222591362125,0.057591069193014925,1.0,2.0
407,10,1.0,100,0,103.51923076923077,60.070475753156906,2.0,207.0
408,10,0.001,1,0,1.0,0.0,1.0,1.0
409,10,0.01,1,0,1.0,0.0,1.0,1.0
410,10,0.1,1,0,1.0017825311942958,0.0422200330920749,1.0,2.0
411,10,1.0,1,0,1.0033333333333334,0.05764833040850809,1.0,2.0
412,10,0.001,10,0,Failed on tick 300,,,
413,10,0.01,10,0,1.0,0.0,1.0,1.0
414,10,0.1,10,0,1.0052724077328647,0.07248339752594303,1.0,2.0
415,10,1.0,10,0,1.0033333333333334,0.05764833040850809,1.0,2.0
416,10,0.001,100,0,1.0,0.0,1.0,1.0
417,10,0.01,100,0,1.011764705882353,0.10846522890932811,1.0,2.0
418,10,0.1,100,0,1.0086206896551724,0.10961462208258378,1.0,3.0
419,10,1.0,100,0,103.51923076923077,60.070475753156906,2.0,207.0
420,10,0.001,1,0,1.0,0.0,1.0,1.0
421,10,0.01,1,0,1.0,0.0,1.0,1.0
422,10,0.1,1,0,1.0054446460980035,0.07365356328732493,1.0,2.0
423,10,1.0,1,0,1.0033333333333334,0.05764833040850809,1.0,2.0
424,10,0.001,10,0,1.0,0.0,1.0,1.0
425,10,0.01,10,0,1.0,0.0,1.0,1.0
426,10,0.1,10,0,1.0016611295681064,0.04075695729696111,1.0,2.0
427,10,1.0,10,0,1.0033333333333334,0.05764833040850809,1.0,2.0
428,10,0.001,100,0,1.0,0.0,1.0,1.0
429,10,0.01,100,0,1.0,0.0,1.0,1.0
430,10,0.1,100,0,1.0016207455429498,0.04025848411142373,1.0,2.0
431,10,1.0,100,0,103.51923076923077,60.070475753156906,2.0,207.0
432,10,0.001,1,0,1.0,0.0,1.0,1.0
433,10,0.01,1,0,1.0,0.0,1.0,1.0
434,10,0.1,1,0,1.001865671641791,0.04319342127906802,1.0,2.0
435,10,1.0,1,0,1.0033333333333334,0.05764833040850809,1.0,2.0
436,10,0.001,10,0,1.0,0.0,1.0,1.0
437,10,0.01,10,0,1.0,0.0,1.0,1.0
438,10,0.1,10,0,1.0,0.0,1.0,1.0
439,10,1.0,10,0,1.0033333333333334,0.05764833040850809,1.0,2.0
440,10,0.001,100,0,1.0,0.0,1.0,1.0
441,10,0.01,100,0,1.0,0.0,1.0,1.0
442,10,0.1,100,0,1.0310880829015545,0.3415829589331347,1.0,6.0
443,10,1.0,100,0,103.51923076923077,60.070475753156906,2.0,207.0
444,10,0.001,1,0,1.0,0.0,1.0,1.0
445,10,0.01,1,0,1.0,0.0,1.0,1.0
446,10,0.1,1,0,1.0017301038062283,0.041594516540385144,1.0,2.0
447,10,1.0,1,0,1.0033333333333334,0.05764833040850809,1.0,2.0
448,10,0.001,10,0,1.0,0.0,1.0,1.0
449,10,0.01,10,0,1.0,0.0,1.0,1.0
450,10,0.1,10,0,1.0,0.0,1.0,1.0
451,10,1.0,10,0,1.0033333333333334,0.05764833040850809,1.0,2.0
452,10,0.001,100,0,1.0,0.0,1.0,1.0
453,10,0.01,100,0,1.0,0.0,1.0,1.0
454,10,0.1,100,0,1.0263653483992468,0.32975372492041366,1.0,6.0
455,10,1.0,100,0,103.51923076923077,60.070475753156906,2.0,207.0
456,10,0.001,1,0,1.0,0.0,1.0,1.0
457,10,0.01,1,0,1.0,0.0,1.0,1.0
458,10,0.1,1,0,1.0035149384885764,0.059234704494827345,1.0,2.0
459,10,1.0,1,0,1.0033333333333334,0.05764833040850809,1.0,2.0
460,10,0.001,10,0,1.0,0.0,1.0,1.0
461,10,0.01,10,0,1.0,0.0,1.0,1.0
462,10,0.1,10,0,1.0016233766233766,0.04029114820126902,1.0,2.0
463,10,1.0,10,0,1.0033333333333334,0.05764833040850809,1.0,2.0
464,10,0.001,100,0,Failed on tick 300,,,
465,10,0.01,100,0,1.0,0.0,1.0,1.0
466,10,0.1,100,0,1.0,0.0,1.0,1.0
467,10,1.0,100,0,103.51923076923077,60.070475753156906,2.0,207.0
468,10,0.001,1,0,1.0,0.0,1.0,1.0
469,10,0.01,1,0,1.0,0.0,1.0,1.0
470,10,0.1,1,0,1.0015948963317385,0.03993615319154358,1.0,2.0
471,10,1.0,1,0,1.0033333333333334,0.05764833040850809,1.0,2.0
472,10,0.001,10,0,1.0,0.0,1.0,1.0
473,10,0.01,10,0,1.0,0.0,1.0,1.0
474,10,0.1,10,0,1.0037950664136623,0.06154552346436893,1.0,2.0
475,10,1.0,10,0,1.0033333333333334,0.05764833040850809,1.0,2.0
476,10,0.001,100,0,1.0,0.0,1.0,1.0
477,10,0.01,100,0,1.0,0.0,1.0,1.0
478,10,0.1,100,0,1.0,0.0,1.0,1.0
479,10,1.0,100,0,103.51923076923077,60.070475753156906,2.0,207.0
480,10,0.001,1,0,1.0,0.0,1.0,1.0
481,10,0.01,1,0,1.0232558139534884,0.15249857033260467,1.0,2.0
482,10,0.1,1,0,1.0,0.0,1.0,1.0
483,10,1.0,1,0,1.0033333333333334,0.05764833040850809,1.0,2.0
484,10,0.001,10,0,1.0,0.0,1.0,1.0
485,10,0.01,10,0,1.0,0.0,1.0,1.0
486,10,0.1,10,0,1.0,0.0,1.0,1.0
487,10,1.0,10,0,1.0033333333333334,0.05764833040850809,1.0,2.0
488,10,0.001,100,0,1.0,0.0,1.0,1.0
489,10,0.01,100,0,1.0,0.0,1.0,1.0
490,10,0.1,100,0,1.0035149384885764,0.059234704494827345,1.0,2.0
491,10,1.0,100,0,103.51923076923077,60.070475753156906,2.0,207.0
492,10,0.001,1,0,1.0,0.0,1.0,1.0
493,10,0.01,1,0,1.0,0.0,1.0,1.0
494,10,0.1,1,0,1.0034662045060658,0.058823352419846764,1.0,2.0
495,10,1.0,1,0,1.0033333333333334,0.05764833040850809,1.0,2.0
496,10,0.001,10,0,1.0,0.0,1.0,1.0
497,10,0.01,10,0,1.0,0.0,1.0,1.0
498,10,0.1,10,0,1.0054249547920433,0.07352073965037957,1.0,2.0
499,10,1.0,10,0,1.0033333333333334,0.05764833040850809,1.0,2.0
500,10,0.001,100,0,1.0,0.0,1.0,1.0
501,10,0.01,100,0,1.0,0.0,1.0,1.0
502,10,0.1,100,0,1.008605851979346,0.09244728917626585,1.0,2.0
503,10,1.0,100,0,103.51923076923077,60.070475753156906,2.0,207.0
504,10,0.001,1,0,1.0,0.0,1.0,1.0
505,10,0.01,1,0,1.0,0.0,1.0,1.0
506,10,0.1,1,0,1.0018148820326678,0.0426014322842305,1.0,2.0
507,10,1.0,1,0,1.0033333333333334,0.05764833040850809,1.0,2.0
508,10,0.001,10,0,1.0,0.0,1.0,1.0
509,10,0.01,10,0,1.0,0.0,1.0,1.0
510,10,0.1,10,0,1.0035523978685612,0.05954894521242667,1.0,2.0
511,10,1.0,10,0,1.0033333333333334,0.05764833040850809,1.0,2.0
512,10,0.001,100,0,1.0,0.0,1.0,1.0
513,10,0.01,100,0,1.0,0.0,1.0,1.0
514,10,0.1,100,0,1.0183333333333333,0.17715208246803127,1.0,4.0
515,10,1.0,100,0,103.51923076923077,60.070475753156906,2.0,207.0
516,10,0.001,1,0,1.0,0.0,1.0,1.0
517,10,0.01,1,0,1.0,0.0,1.0,1.0
518,10,0.1,1,0,1.0034364261168385,0.05857056805203954,1.0,2.0
519,10,1.0,1,0,1.0033333333333334,0.05764833040850809,1.0,2.0
520,10,0.001,10,0,1.0,0.0,1.0,1.0
521,10,0.01,10,0,1.0,0.0,1.0,1.0
522,10,0.1,10,0,1.00355871886121,0.05960180646446991,1.0,2.0
523,10,1.0,10,0,1.0033333333333334,0.05764833040850809,1.0,2.0
524,10,0.001,100,0,1.0,0.0,1.0,1.0
525,10,0.01,100,0,1.0,0.0,1.0,1.0
526,10,0.1,100,0,1.00339558573854,0.058222082862622745,1.0,2.0
527,10,1.0,100,0,103.51923076923077,60.070475753156906,2.0,207.0
528,10,0.001,1,0,1.0,0.0,1.0,1.0
529,10,0.01,1,0,1.0,0.0,1.0,1.0
530,10,0.1,1,0,1.0,0.0,1.0,1.0
531,10,1.0,1,0,1.0033333333333334,0.05764833040850809,1.0,2.0
532,10,0.001,10,0,1.0,0.0,1.0,1.0
533,10,0.01,10,0,1.0,0.0,1.0,1.0
534,10,0.1,10,0,1.0,0.0,1.0,1.0
535,10,1.0,10,0,1.0033333333333334,0.05764833040850809,1.0,2.0
536,10,0.001,100,0,1.0,0.0,1.0,1.0
537,10,0.01,100,0,1.0,0.0,1.0,1.0
538,10,0.1,100,0,1.0,0.0,1.0,1.0
539,10,1.0,100,0,103.51923076923077,60.070475753156906,2.0,207.0
540,10,0.001,1,0,1.0,0.0,1.0,1.0
541,10,0.01,1,0,1.018181818181818,0.13483997249264842,1.0,2.0
542,10,0.1,1,0,1.0,0.0,1.0,1.0
543,10,1.0,1,0,1.0033333333333334,0.05764833040850809,1.0,2.0
544,10,0.001,10,0,1.0,0.0,1.0,1.0
545,10,0.01,10,0,1.0,0.0,1.0,1.0
546,10,0.1,10,0,1.0017421602787457,0.0417391935564841,1.0,2.0
547,10,1.0,10,0,1.0033333333333334,0.05764833040850809,1.0,2.0
548,10,0.001,100,0,1.0,0.0,1.0,1.0
549,10,0.01,100,0,1.0,0.0,1.0,1.0
550,10,0.1,100,0,1.0,0.0,1.0,1.0
551,10,1.0,100,0,103.51923076923077,60.070475753156906,2.0,207.0
552,10,0.001,1,0,1.0,0.0,1.0,1.0
553,10,0.01,1,0,1.0,0.0,1.0,1.0
554,10,0.1,1,0,1.003384094754653,0.05812365267971107,1.0,2.0
555,10,1.0,1,0,1.0033333333333334,0.05764833040850809,1.0,2.0
556,10,0.001,10,0,1.0,0.0,1.0,1.0
557,10,0.01,10,0,1.0,0.0,1.0,1.0
558,10,0.1,10,0,1.001628664495114,0.04035671561356309,1.0,2.0
559,10,1.0,10,0,1.0033333333333334,0.05764833040850809,1.0,2.0
560,10,0.001,100,0,1.0,0.0,1.0,1.0
561,10,0.01,100,0,1.0,0.0,1.0,1.0
562,10,0.1,100,0,1.0096339113680155,0.09777278880158045,1.0,2.0
563,10,1.0,100,0,103.51923076923077,60.070475753156906,2.0,207.0
564,10,0.001,1,0,1.0,0.0,1.0,1.0
565,10,0.01,1,0,1.0,0.0,1.0,1.0
566,10,0.1,1,0,1.0018939393939394,0.04351941398892445,1.0,2.0
567,10,1.0,1,0,1.0033333333333334,0.05764833040850809,1.0,2.0
568,10,0.001,10,0,1.0,0.0,1.0,1.0
569,10,0.01,10,0,1.0,0.0,1.0,1.0
570,10,0.1,10,0,1.001615508885299,0.04019339355290704,1.0,2.0
571,10,1.0,10,0,1.0033333333333334,0.05764833040850809,1.0,2.0
572,10,0.001,100,0,1.0,0.0,1.0,1.0
573,10,0.01,100,0,1.0,0.0,1.0,1.0
574,10,0.1,100,0,1.0091074681238617,0.11265267547129397,1.0,3.0
575,10,1.0,100,0,103.51923076923077,60.070475753156906,2.0,207.0
576,10,0.001,1,0,1.0,0.0,1.0,1.0
577,10,0.01,1,0,1.0,0.0,1.0,1.0
578,10,0.1,1,0,1.0017825311942958,0.0422200330920749,1.0,2.0
579,10,1.0,1,0,1.0033333333333334,0.05764833040850809,1.0,2.0
580,10,0.001,10,0,1.0,0.0,1.0,1.0
581,10,0.01,10,0,1.0,0.0,1.0,1.0
582,10,0.1,10,0,1.0016806722689076,0.04099600308453939,1.0,2.0
583,10,1.0,10,0,1.0033333333333334,0.05764833040850809,1.0,2.0
584,10,0.001,100,0,1.0,0.0,1.0,1.0
585,10,0.01,100,0,1.0,0.0,1.0,1.0
586,10,0.1,100,0,1.0017543859649123,0.041885390829169554,1.0,2.0
587,10,1.0,100,0,103.51923076923077,60.070475753156906,2.0,207.0
588,10,0.001,1,0,1.0,0.0,1.0,1.0
589,10,0.01,1,0,1.0,0.0,1.0,1.0
590,10,0.1,1,0,1.0017667844522968,0.042033135170919854,1.0,2.0
591,10,1.0,1,0,1.0033333333333334,0.05764833040850809,1.0,2.0
592,10,0.001,10,0,1.0,0.0,1.0,1.0
593,10,0.01,10,0,1.0,0.0,1.0,1.0
594,10,0.1,10,0,1.0053097345132744,0.07273861194360656,1.0,2.0
595,10,1.0,10,0,1.0033333333333334,0.05764833040850809,1.0,2.0
596,10,0.001,100,0,Failed on tick 300,,,
597,10,0.01,100,0,1.0,0.0,1.0,1.0
598,10,0.1,100,0,1.0017574692442883,0.04192218081503185,1.0,2.0
599,10,1.0,100,0,103.51923076923077,60.070475753156906,2.0,207.0
600,10,0.001,1,0,1.0,0.0,1.0,1.0
601,10,0.01,1,0,1.0,0.0,1.0,1.0
602,10,0.1,1,0,1.0048,0.06917091429651183,1.0,2.0
603,10,1.0,1,0,1.0033333333333334,0.05764833040850809,1.0,2.0
604,10,0.001,10,0,1.0,0.0,1.0,1.0
605,10,0.01,10,0,1.0,0.0,1.0,1.0
606,10,0.1,10,0,1.0018315018315018,0.042796049251091296,1.0,2.0
607,10,1.0,10,0,1.0033333333333334,0.05764833040850809,1.0,2.0
608,10,0.001,100,0,1.0,0.0,1.0,1.0
609,10,0.01,100,0,1.0,0.0,1.0,1.0
610,10,0.1,100,0,1.0,0.0,1.0,1.0
611,10,1.0,100,0,103.51923076923077,60.070475753156906,2.0,207.0
612,10,0.001,1,0,1.0,0.0,1.0,1.0
613,10,0.01,1,0,1.015625,0.125,1.0,2.0
614,10,0.1,1,0,1.0017482517482517,0.04181210050035455,1.0,2.0
615,10,1.0,1,0,1.0033333333333334,0.05764833040850809,1.0,2.0
616,10,0.001,10,0,1.0,0.0,1.0,1.0
617,10,0.01,10,0,1.0163934426229508,0.128036879932896,1.0,2.0
618,10,0.1,10,0,1.001727115716753,0.04155858174616914,1.0,2.0
619,10,1.0,10,0,1.0033333333333334,0.05764833040850809,1.0,2.0
620,10,0.001,100,0,1.0,0.0,1.0,1.0
621,10,0.01,100,0,1.0,0.0,1.0,1.0
622,10,0.1,100,0,1.011744966442953,0.15834111265812806,1.0,4.0
623,10,1.0,100,0,103.51923076923077,60.070475753156906,2.0,207.0
624,10,0.001,1,0,1.0,0.0,1.0,1.0
625,10,0.01,1,0,1.0,0.0,1.0,1.0
626,10,0.1,1,0,1.0017761989342806,0.04214497519610896,1.0,2.0
627,10,1.0,1,0,1.0033333333333334,0.05764833040850809,1.0,2.0
628,10,0.001,10,0,1.0,0.0,1.0,1.0
629,10,0.01,10,0,1.0,0.0,1.0,1.0
630,10,0.1,10,0,1.0,0.0,1.0,1.0
631,10,1.0,10,0,1.0033333333333334,0.05764833040850809,1.0,2.0
632,10,0.001,100,0,1.0,0.0,1.0,1.0
633,10,0.01,100,0,1.0,0.0,1.0,1.0
634,10,0.1,100,0,1.0,0.0,1.0,1.0
635,10,1.0,100,0,103.51923076923077,60.070475753156906,2.0,207.0
636,10,0.001,1,0,1.0,0.0,1.0,1.0
637,10,0.01,1,0,1.0,0.0,1.0,1.0
638,10,0.1,1,0,1.0018382352941178,0.0428746462856272,1.0,2.0
639,10,1.0,1,0,1.0033333333333334,0.05764833040850809,1.0,2.0
640,10,0.001,10,0,1.0,0.0,1.0,1.0
641,10,0.01,10,0,1.0,0.0,1.0,1.0
642,10,0.1,10,0,1.0,0.0,1.0,1.0
643,10,1.0,10,0,1.0033333333333334,0.05764833040850809,1.0,2.0
644,10,0.001,100,0,1.0,0.0,1.0,1.0
645,10,0.01,100,0,1.0,0.0,1.0,1.0
646,10,0.1,100,0,1.005281690140845,0.07254694921583285,1.0,2.0
647,10,1.0,100,0,103.51923076923077,60.070475753156906,2.0,207.0
648,10,0.001,1,0,Failed on tick 300,,,
649,10,0.01,1,0,1.0,0.0,1.0,1.0
650,10,0.1,1,0,1.0,0.0,1.0,1.0
651,10,1.0,1,0,1.0033333333333334,0.05764833040850809,1.0,2.0
652,10,0.001,10,0,1.0,0.0,1.0,1.0
653,10,0.01,10,0,1.0,0.0,1.0,1.0
654,10,0.1,10,0,1.005050505050505,0.0709469612221587,1.0,2.0
655,10,1.0,10,0,1.0033333333333334,0.05764833040850809,1.0,2.0
656,10,0.001,100,0,1.0,0.0,1.0,1.0
657,10,0.01,100,0,1.0,0.0,1.0,1.0
658,10,0.1,100,0,1.032085561497326,0.3620932690941662,1.0,7.0
659,10,1.0,100,0,103.51923076923077,60.070475753156906,2.0,207.0
660,10,0.001,1,0,1.0,0.0,1.0,1.0
661,10,0.01,1,0,1.0,0.0,1.0,1.0
662,10,0.1,1,0,1.003577817531306,0.05976123887546847,1.0,2.0
663,10,1.0,1,0,1.0033333333333334,0.05764833040850809,1.0,2.0
664,10,0.001,10,0,1.0,0.0,1.0,1.0
665,10,0.01,10,0,1.0,0.0,1.0,1.0
666,10,0.1,10,0,1.0,0.0,1.0,1.0
667,10,1.0,10,0,1.0033333333333334,0.05764833040850809,1.0,2.0
668,10,0.001,100,0,1.0,0.0,1.0,1.0
669,10,0.01,100,0,1.0,0.0,1.0,1.0
670,10,0.1,100,0,1.0174216027874565,0.19516755218094706,1.0,4.0
671,10,1.0,100,0,103.51923076923077,60.070475753156906,2.0,207.0
672,10,0.001,1,0,1.0,0.0,1.0,1.0
673,10,0.01,1,0,1.0,0.0,1.0,1.0
674,10,0.1,1,0,1.005226480836237,0.07216812537560556,1.0,2.0
675,10,1.0,1,0,1.0033333333333334,0.05764833040850809,1.0,2.0
676,10,0.001,10,0,1.0,0.0,1.0,1.0
677,10,0.01,10,0,1.0,0.0,1.0,1.0
678,10,0.1,10,0,1.001934235976789,0.043979949713354234,1.0,2.0
679,10,1.0,10,0,1.0033333333333334,0.05764833040850809,1.0,2.0
680,10,0.001,100,0,1.0,0.0,1.0,1.0
681,10,0.01,100,0,1.0,0.0,1.0,1.0
682,10,0.1,100,0,1.0167597765363128,0.1772991927567319,1.0,4.0
683,10,1.0,100,0,103.51923076923077,60.070475753156906,2.0,207.0
684,10,0.001,1,0,1.0,0.0,1.0,1.0
685,10,0.01,1,0,1.0,0.0,1.0,1.0
686,10,0.1,1,0,1.003454231433506,0.05872184648455242,1.0,2.0
687,10,1.0,1,0,1.0033333333333334,0.05764833040850809,1.0,2.0
688,10,0.001,10,0,1.0,0.0,1.0,1.0
689,10,0.01,10,0,1.0,0.0,1.0,1.0
690,10,0.1,10,0,1.0017452006980803,0.04177559931443569,1.0,2.0
691,10,1.0,10,0,1.0033333333333334,0.05764833040850809,1.0,2.0
692,10,0.001,100,0,1.0,0.0,1.0,1.0
693,10,0.01,100,0,1.0,0.0,1.0,1.0
694,10,0.1,100,0,1.0,0.0,1.0,1.0
695,10,1.0,100,0,103.51923076923077,60.070475753156906,2.0,207.0
696,10,0.001,1,0,1.0,0.0,1.0,1.0
697,10,0.01,1,0,1.0,0.0,1.0,1.0
698,10,0.1,1,0,1.0,0.0,1.0,1.0
699,10,1.0,1,0,1.0033333333333334,0.05764833040850809,1.0,2.0
700,10,0.001,10,0,1.0,0.0,1.0,1.0
701,10,0.01,10,0,1.0,0.0,1.0,1.0
702,10,0.1,10,0,1.0,0.0,1.0,1.0
703,10,1.0,10,0,1.0033333333333334,0.05764833040850809,1.0,2.0
704,10,0.001,100,0,1.0,0.0,1.0,1.0
705,10,0.01,100,0,1.0,0.0,1.0,1.0
706,10,0.1,100,0,1.00711743772242,0.08413903112188133,1.0,2.0
707,10,1.0,100,0,103.51923076923077,60.070475753156906,2.0,207.0
708,10,0.001,1,0,1.0,0.0,1.0,1.0
709,10,0.01,1,0,1.0,0.0,1.0,1.0
710,10,0.1,1,0,1.0,0.0,1.0,1.0
711,10,1.0,1,0,1.0033333333333334,0.05764833040850809,1.0,2.0
712,10,0.001,10,0,1.0,0.0,1.0,1.0
713,10,0.01,10,0,1.0,0.0,1.0,1.0
714,10,0.1,10,0,1.0015974440894568,0.03996803834887159,1.0,2.0
715,10,1.0,10,0,1.0033333333333334,0.05764833040850809,1.0,2.0
716,10,0.001,100,0,1.0,0.0,1.0,1.0
717,10,0.01,100,0,1.0,0.0,1.0,1.0
718,10,0.1,100,0,1.0017667844522968,0.042033135170919854,1.0,2.0
719,10,1.0,100,0,103.51923076923077,60.070475753156906,2.0,207.0
720,10,0.001,1,0,1.0,0.0,1.0,1.0
721,10,0.01,1,0,1.0,0.0,1.0,1.0
722,10,0.1,1,0,1.0017921146953406,0.042333375666730164,1.0,2.0
723,10,1.0,1,0,1.0033333333333334,0.05764833040850809,1.0,2.0
724,10,0.001,10,0,1.0,0.0,1.0,1.0
725,10,0.01,10,0,1.0,0.0,1.0,1.0
726,10,0.1,10,0,1.0035273368606703,0.05933889800751906,1.0,2.0
727,10,1.0,10,0,1.0033333333333334,0.05764833040850809,1.0,2.0
728,10,0.001,100,0,Failed on tick 300,,,
729,10,0.01,100,0,1.0149253731343284,0.12216944435630518,1.0,2.0
730,10,0.1,100,0,1.0,0.0,1.0,1.0
731,10,1.0,100,0,103.51923076923077,60.070475753156906,2.0,207.0
732,10,0.001,1,0,1.0,0.0,1.0,1.0
733,10,0.01,1,0,1.0147058823529411,0.12126781251816653,1.0,2.0
734,10,0.1,1,0,1.001779359430605,0.04218245406095979,1.0,2.0
735,10,1.0,1,0,1.0033333333333334,0.05764833040850809,1.0,2.0
736,10,0.001,10,0,Failed on tick 300,,,
737,10,0.01,10,0,1.0,0.0,1.0,1.0
738,10,0.1,10,0,1.0,0.0,1.0,1.0
739,10,1.0,10,0,1.0033333333333334,0.05764833040850809,1.0,2.0
740,10,0.001,100,0,1.0,0.0,1.0,1.0
741,10,0.01,100,0,1.0192307692307692,0.1386750490563073,1.0,2.0
742,10,0.1,100,0,1.0032154340836013,0.05665912328070812,1.0,2.0
743,10,1.0,100,0,103.51923076923077,60.070475753156906,2.0,207.0
744,10,0.001,1,0,1.0,0.0,1.0,1.0
745,10,0.01,1,0,1.0,0.0,1.0,1.0
746,10,0.1,1,0,1.001834862385321,0.04283529368781193,1.0,2.0
747,10,1.0,1,0,1.0033333333333334,0.05764833040850809,1.0,2.0
748,10,0.001,10,0,1.0,0.0,1.0,1.0
749,10,0.01,10,0,1.0,0.0,1.0,1.0
750,10,0.1,10,0,1.0018115942028984,0.04256282653793744,1.0,2.0
751,10,1.0,10,0,1.0033333333333334,0.05764833040850809,1.0,2.0
752,10,0.001,100,0,1.0,0.0,1.0,1.0
753,10,0.01,100,0,1.0,0.0,1.0,1.0
754,10,0.1,100,0,1.0018621973929236,0.043153185200210296,1.0,2.0
755,10,1.0,100,0,103.51923076923077,60.070475753156906,2.0,207.0
756,10,0.001,1,0,1.0,0.0,1.0,1.0
757,10,0.01,1,0,1.0,0.0,1.0,1.0
758,10,0.1,1,0,1.0018416206261511,0.04291410754228744,1.0,2.0
759,10,1.0,1,0,1.0033333333333334,0.05764833040850809,1.0,2.0
760,10,0.001,10,0,1.0,0.0,1.0,1.0
761,10,0.01,10,0,1.0,0.0,1.0,1.0
762,10,0.1,10,0,1.001751313485114,0.04184869753186873,1.0,2.0
763,10,1.0,10,0,1.0033333333333334,0.05764833040850809,1.0,2.0
764,10,0.001,100,0,1.0,0.0,1.0,1.0
765,10,0.01,100,0,1.0,0.0,1.0,1.0
766,10,0.1,100,0,1.0091240875912408,0.09517019837226015,1.0,2.0
767,10,1.0,100,0,103.51923076923077,60.070475753156906,2.0,207.0
768,10,0.001,1,0,1.0,0.0,1.0,1.0
769,10,0.01,1,0,1.0,0.0,1.0,1.0
770,10,0.1,1,0,1.0020120724346075,0.04485613040162565,1.0,2.0
771,10,1.0,1,0,1.0033333333333334,0.05764833040850809,1.0,2.0
772,10,0.001,10,0,1.1666666666666667,0.408248290463863,1.0,2.0
773,10,0.01,10,0,1.0,0.0,1.0,1.0
774,10,0.1,10,0,1.0034246575342465,0.05847036288646263,1.0,2.0
775,10,1.0,10,0,1.0033333333333334,0.05764833040850809,1.0,2.0
776,10,0.001,100,0,1.0,0.0,1.0,1.0
777,10,0.01,100,0,1.0,0.0,1.0,1.0
778,10,0.1,100,0,1.0107334525939178,0.11925394791776167,1.0,3.0
779,10,1.0,100,0,103.51923076923077,60.070475753156906,2.0,207.0
780,10,0.001,1,0,1.0,0.0,1.0,1.0
781,10,0.01,1,0,1.0,0.0,1.0,1.0
782,10,0.1,1,0,1.00374531835206,0.061141569233705464,1.0,2.0
783,10,1.0,1,0,1.0033333333333334,0.05764833040850809,1.0,2.0
784,10,0.001,10,0,1.0,0.0,1.0,1.0
785,10,0.01,10,0,1.0,0.0,1.0,1.0
786,10,0.1,10,0,1.0054151624548737,0.07345459672841544,1.0,2.0
787,10,1.0,10,0,1.0033333333333334,0.05764833040850809,1.0,2.0
788,10,0.001,100,0,1.0,0.0,1.0,1.0
789,10,0.01,100,0,1.0,0.0,1.0,1.0
790,10,0.1,100,0,1.0034305317324186,0.058520401126432496,1.0,2.0
791,10,1.0,100,0,103.51923076923077,60.070475753156906,2.0,207.0
792,10,0.001,1,0,1.0,0.0,1.0,1.0
793,10,0.01,1,0,1.0,0.0,1.0,1.0
794,10,0.1,1,0,1.0017889087656529,0.04229549344378135,1.0,2.0
795,10,1.0,1,0,1.0033333333333334,0.05764833040850809,1.0,2.0
796,10,0.001,10,0,1.0,0.0,1.0,1.0
797,10,0.01,10,0,1.0,0.0,1.0,1.0
798,10,0.1,10,0,1.0,0.0,1.0,1.0
799,10,1.0,10,0,1.0033333333333334,0.05764833040850809,1.0,2.0
800,10,0.001,100,0,1.0,0.0,1.0,1.0
801,10,0.01,100,0,1.0,0.0,1.0,1.0
802,10,0.1,100,0,1.0,0.0,1.0,1.0
803,10,1.0,100,0,103.51923076923077,60.070475753156906,2.0,207.0
804,10,0.001,1,0,1.0,0.0,1.0,1.0
805,10,0.01,1,0,1.0,0.0,1.0,1.0
806,10,0.1,1,0,1.001669449081803,0.04085889232227184,1.0,2.0
807,10,1.0,1,0,1.0033333333333334,0.05764833040850809,1.0,2.0
808,10,0.001,10,0,1.0,0.0,1.0,1.0
809,10,0.01,10,0,1.0,0.0,1.0,1.0
810,10,0.1,10,0,1.0,0.0,1.0,1.0
811,10,1.0,10,0,1.0033333333333334,0.05764833040850809,1.0,2.0
812,10,0.001,100,0,1.0,0.0,1.0,1.0
813,10,0.01,100,0,1.0,0.0,1.0,1.0
814,10,0.1,100,0,1.0018018018018018,0.04244763599780088,1.0,2.0
815,10,1.0,100,0,103.51923076923077,60.070475753156906,2.0,207.0
816,10,0.001,1,0,1.0,0.0,1.0,1.0
817,10,0.01,1,0,1.0,0.0,1.0,1.0
818,10,0.1,1,0,1.0,0.0,1.0,1.0
819,10,1.0,1,0,1.0033333333333334,0.05764833040850809,1.0,2.0
820,10,0.001,10,0,1.0,0.0,1.0,1.0
821,10,0.01,10,0,1.0,0.0,1.0,1.0
822,10,0.1,10,0,1.0016920473773265,0.041134503489486364,1.0,2.0
823,10,1.0,10,0,1.0033333333333334,0.05764833040850809,1.0,2.0
824,10,0.001,100,0,1.0,0.0,1.0,1.0
825,10,0.01,100,0,1.0,0.0,1.0,1.0
826,10,0.1,100,0,1.012280701754386,0.11023249983827957,1.0,2.0
827,10,1.0,100,0,103.51923076923077,60.070475753156906,2.0,207.0
828,10,0.001,1,0,1.0,0.0,1.0,1.0
829,10,0.01,1,0,1.0,0.0,1.0,1.0
830,10,0.1,1,0,1.0,0.0,1.0,1.0
831,10,1.0,1,0,1.0033333333333334,0.05764833040850809,1.0,2.0
832,10,0.001,10,0,1.0,0.0,1.0,1.0
833,10,0.01,10,0,1.0,0.0,1.0,1.0
834,10,0.1,10,0,1.0018450184501846,0.04295367795875578,1.0,2.0
835,10,1.0,10,0,1.0033333333333334,0.05764833040850809,1.0,2.0
836,10,0.001,100,0,1.0,0.0,1.0,1.0
837,10,0.01,100,0,1.0,0.0,1.0,1.0
838,10,0.1,100,0,1.0127504553734061,0.12751661414857418,1.0,3.0
839,10,1.0,100,0,103.51923076923077,60.070475753156906,2.0,207.0
840,10,0.001,1,0,1.0,0.0,1.0,1.0
841,10,0.01,1,0,1.0,0.0,1.0,1.0
842,10,0.1,1,0,1.0036764705882353,0.06057804820368977,1.0,2.0
843,10,1.0,1,0,1.0033333333333334,0.05764833040850809,1.0,2.0
844,10,0.001,10,0,1.0,0.0,1.0,1.0
845,10,0.01,10,0,1.0,0.0,1.0,1.0
846,10,0.1,10,0,1.0,0.0,1.0,1.0
847,10,1.0,10,0,1.0033333333333334,0.05764833040850809,1.0,2.0
848,10,0.001,100,0,1.0,0.0,1.0,1.0
849,10,0.01,100,0,1.0,0.0,1.0,1.0
850,10,0.1,100,0,1.0,0.0,1.0,1.0
851,10,1.0,100,0,103.51923076923077,60.070475753156906,2.0,207.0
852,10,0.001,1,0,1.0,0.0,1.0,1.0
853,10,0.01,1,0,1.0,0.0,1.0,1.0
854,10,0.1,1,0,1.0,0.0,1.0,1.0
855,10,1.0,1,0,1.0033333333333334,0.05764833040850809,1.0,2.0
856,10,0.001,10,0,1.125,0.3535533905932738,1.0,2.0
857,10,0.01,10,0,1.0,0.0,1.0,1.0
858,10,0.1,10,0,1.0,0.0,1.0,1.0
859,10,1.0,10,0,1.0033333333333334,0.05764833040850809,1.0,2.0
860,10,0.001,100,0,1.0,0.0,1.0,1.0
861,10,0.01,100,0,1.0,0.0,1.0,1.0
862,10,0.1,100,0,1.00187617260788,0.043314808182421,1.0,2.0
863,10,1.0,100,0,103.51923076923077,60.070475753156906,2.0,207.0
864,10,0.001,1,0,1.0,0.0,1.0,1.0
865,10,0.01,1,0,1.0,0.0,1.0,1.0
866,10,0.1,1,0,1.0,0.0,1.0,1.0
867,10,1.0,1,0,1.0033333333333334,0.05764833040850809,1.0,2.0
868,10,0.001,10,0,1.0,0.0,1.0,1.0
869,10,0.01,10,0,1.0,0.0,1.0,1.0
870,10,0.1,10,0,1.0016806722689076,0.04099600308453939,1.0,2.0
871,10,1.0,10,0,1.0033333333333334,0.05764833040850809,1.0,2.0
872,10,0.001,100,0,1.0,0.0,1.0,1.0
873,10,0.01,100,0,1.0227272727272727,0.15075567228888181,1.0,2.0
874,10,0.1,100,0,1.0,0.0,1.0,1.0
875,10,1.0,100,0,103.51923076923077,60.070475753156906,2.0,207.0
876,10,0.001,1,0,1.0,0.0,1.0,1.0
877,10,0.01,1,0,1.0,0.0,1.0,1.0
878,10,0.1,1,0,1.00326264274062,0.05707286242191339,1.0,2.0
879,10,1.0,1,0,1.0033333333333334,0.05764833040850809,1.0,2.0
880,10,0.001,10,0,1.0,0.0,1.0,1.0
881,10,0.01,10,0,1.0,0.0,1.0,1.0
882,10,0.1,10,0,1.0,0.0,1.0,1.0
883,10,1.0,10,0,1.0033333333333334,0.05764833040850809,1.0,2.0
884,10,0.001,100,0,1.0,0.0,1.0,1.0
885,10,0.01,100,0,1.0,0.0,1.0,1.0
886,10,0.1,100,0,1.0036036036036036,0.05997581932710975,1.0,2.0
887,10,1.0,100,0,103.51923076923077,60.070475753156906,2.0,207.0
888,10,0.001,1,0,1.0,0.0,1.0,1.0
889,10,0.01,1,0,1.0,0.0,1.0,1.0
890,10,0.1,1,0,1.0036429872495447,0.060302068476901366,1.0,2.0
891,10,1.0,1,0,1.0033333333333334,0.05764833040850809,1.0,2.0
892,10,0.001,10,0,1.0,0.0,1.0,1.0
893,10,0.01,10,0,1.0,0.0,1.0,1.0
894,10,0.1,10,0,1.003384094754653,0.05812365267971107,1.0,2.0
895,10,1.0,10,0,1.0033333333333334,0.05764833040850809,1.0,2.0
896,10,0.001,100,0,1.0,0.0,1.0,1.0
897,10,0.01,100,0,1.0,0.0,1.0,1.0
898,10,0.1,100,0,1.0123456790123457,0.11052061386887663,1.0,2.0
899,10,1.0,100,0,103.51923076923077,60.070475753156906,2.0,207.0
900,10,0.001,1,0,1.0,0.0,1.0,1.0
901,10,0.01,1,0,1.0,0.0,1.0,1.0
902,10,0.1,1,0,1.0,0.0,1.0,1.0
903,10,1.0,1,0,1.0033333333333334,0.05764833040850809,1.0,2.0
904,10,0.001,10,0,1.0,0.0,1.0,1.0
905,10,0.01,10,0,1.0,0.0,1.0,1.0
906,10,0.1,10,0,1.0016806722689076,0.04099600308453939,1.0,2.0
907,10,1.0,10,0,1.0033333333333334,0.05764833040850809,1.0,2.0
908,10,0.001,100,0,1.0,0.0,1.0,1.0
909,10,0.01,100,0,1.0,0.0,1.0,1.0
910,10,0.1,100,0,1.001937984496124,0.044022545316281185,1.0,2.0
911,10,1.0,100,0,103.51923076923077,60.070475753156906,2.0,207.0
912,10,0.001,1,0,1.0,0.0,1.0,1.0
913,10,0.01,1,0,1.0,0.0,1.0,1.0
914,10,0.1,1,0,1.0,0.0,1.0,1.0
915,10,1.0,1,0,1.0033333333333334,0.05764833040850809,1.0,2.0
916,10,0.001,10,0,Failed on tick 300,,,
917,10,0.01,10,0,1.0,0.0,1.0,1.0
918,10,0.1,10,0,1.0017301038062283,0.041594516540385144,1.0,2.0
919,10,1.0,10,0,1.0033333333333334,0.05764833040850809,1.0,2.0
920,10,0.001,100,0,1.0,0.0,1.0,1.0
921,10,0.01,100,0,1.0,0.0,1.0,1.0
922,10,0.1,100,0,1.0087108013937283,0.11018345793809564,1.0,3.0
923,10,1.0,100,0,103.51923076923077,60.070475753156906,2.0,207.0
924,10,0.001,1,0,1.0,0.0,1.0,1.0
925,10,0.01,1,0,1.0,0.0,1.0,1.0
926,10,0.1,1,0,1.0,0.0,1.0,1.0
927,10,1.0,1,0,1.0033333333333334,0.05764833040850809,1.0,2.0
928,10,0.001,10,0,1.0,0.0,1.0,1.0
929,10,0.01,10,0,1.0,0.0,1.0,1.0
930,10,0.1,10,0,1.001779359430605,0.04218245406095979,1.0,2.0
931,10,1.0,10,0,1.0033333333333334,0.05764833040850809,1.0,2.0
932,10,0.001,100,0,1.0,0.0,1.0,1.0
933,10,0.01,100,0,1.0,0.0,1.0,1.0
934,10,0.1,100,0,1.0089445438282647,0.09423600816308889,1.0,2.0
935,10,1.0,100,0,103.51923076923077,60.070475753156906,2.0,207.0
936,10,0.001,1,0,1.0,0.0,1.0,1.0
937,10,0.01,1,0,1.0,0.0,1.0,1.0
938,10,0.1,1,0,1.0033333333333334,0.057686813944441896,1.0,2.0
939,10,1.0,1,0,1.0033333333333334,0.05764833040850809,1.0,2.0
940,10,0.001,10,0,1.0,0.0,1.0,1.0
941,10,0.01,10,0,1.0,0.0,1.0,1.0
942,10,0.1,10,0,1.0017064846416381,0.04130961923860138,1.0,2.0
943,10,1.0,10,0,1.0033333333333334,0.05764833040850809,1.0,2.0
944,10,0.001,100,0,1.0,0.0,1.0,1.0
945,10,0.01,100,0,1.0,0.0,1.0,1.0
946,10,0.1,100,0,1.0042194092827004,0.06488827903154533,1.0,2.0
947,10,1.0,100,0,103.51923076923077,60.070475753156906,2.0,207.0
948,10,0.001,1,0,Failed on tick 300,,,
949,10,0.01,1,0,1.0,0.0,1.0,1.0
950,10,0.1,1,0,1.0017574692442883,0.04192218081503185,1.0,2.0
951,10,1.0,1,0,1.0033333333333334,0.05764833040850809,1.0,2.0
952,10,0.001,10,0,1.0,0.0,1.0,1.0
953,10,0.01,10,0,1.0,0.0,1.0,1.0
954,10,0.1,10,0,1.0,0.0,1.0,1.0
955,10,1.0,10,0,1.0033333333333334,0.05764833040850809,1.0,2.0
956,10,0.001,100,0,1.0,0.0,1.0,1.0
957,10,0.01,100,0,1.0,0.0,1.0,1.0
958,10,0.1,100,0,1.0084033613445378,0.10823020105154926,1.0,3.0
959,10,1.0,100,0,103.51923076923077,60.070475753156906,2.0,207.0
960,10,0.001,1,0,1.0,0.0,1.0,1.0
961,10,0.01,1,0,1.0,0.0,1.0,1.0
962,10,0.1,1,0,1.0017391304347827,0.041702882811414946,1.0,2.0
963,10,1.0,1,0,1.0033333333333334,0.05764833040850809,1.0,2.0
964,10,0.001,10,0,1.0,0.0,1.0,1.0
965,10,0.01,10,0,1.0,0.0,1.0,1.0
966,10,0.1,10,0,1.0,0.0,1.0,1.0
967,10,1.0,10,0,1.0033333333333334,0.05764833040850809,1.0,2.0
968,10,0.001,100,0,1.0,0.0,1.0,1.0
969,10,0.01,100,0,1.0,0.0,1.0,1.0
970,10,0.1,100,0,1.0034662045060658,0.058823352419846764,1.0,2.0
971,10,1.0,100,0,103.51923076923077,60.070475753156906,2.0,207.0
972,10,0.001,1,0,1.0,0.0,1.0,1.0
973,10,0.01,1,0,1.0,0.0,1.0,1.0
974,10,0.1,1,0,1.0,0.0,1.0,1.0
975,10,1.0,1,0,1.0033333333333334,0.05764833040850809,1.0,2.0
976,10,0.001,10,0,1.0,0.0,1.0,1.0
977,10,0.01,10,0,1.0217391304347827,0.14744195615489708,1.0,2.0
978,10,0.1,10,0,1.0034305317324186,0.058520401126432496,1.0,2.0
979,10,1.0,10,0,1.0033333333333334,0.05764833040850809,1.0,2.0
980,10,0.001,100,0,1.0,0.0,1.0,1.0
981,10,0.01,100,0,1.0,0.0,1.0,1.0
982,10,0.1,100,0,1.0125448028673836,0.13996784947538982,1.0,3.0
983,10,1.0,100,0,103.51923076923077,60.070475753156906,2.0,207.0
984,10,0.001,1,0,1.0,0.0,1.0,1.0
985,10,0.01,1,0,1.0,0.0,1.0,1.0
986,10,0.1,1,0,1.0016722408026757,0.040893041005476534,1.0,2.0
987,10,1.0,1,0,1.0033333333333334,0.05764833040850809,1.0,2.0
988,10,0.001,10,0,1.0,0.0,1.0,1.0
989,10,0.01,10,0,1.0263157894736843,0.16222142113076257,1.0,2.0
990,10,0.1,10,0,1.0,0.0,1.0,1.0
991,10,1.0,10,0,1.0033333333333334,0.05764833040850809,1.0,2.0
992,10,0.001,100,0,1.0,0.0,1.0,1.0
993,10,0.01,100,0,1.0,0.0,1.0,1.0
994,10,0.1,100,0,1.0034071550255537,0.058321014804535734,1.0,2.0
995,10,1.0,100,0,103.51923076923077,60.070475753156906,2.0,207.0
996,10,0.001,1,0,1.0,0.0,1.0,1.0
997,10,0.01,1,0,1.0,0.0,1.0,1.0
998,10,0.1,1,0,1.0,0.0,1.0,1.0
999,10,1.0,1,0,1.0033333333333334,0.05764833040850809,1.0,2.0
1000,10,0.001,10,0,1.0,0.0,1.0,1.0
1001,10,0.01,10,0,1.0,0.0,1.0,1.0
1002,10,0.1,10,0,1.0018281535648994,0.04275691248090127,1.0,2.0
1003,10,1.0,10,0,1.0033333333333334,0.05764833040850809,1.0,2.0
1004,10,0.001,100,0,1.0,0.0,1.0,1.0
1005,10,0.01,100,0,1.0,0.0,1.0,1.0
1006,10,0.1,100,0,1.0133587786259541,0.13049756632836435,1.0,3.0
1007,10,1.0,100,0,103.51923076923077,60.070475753156906,2.0,207.0
1008,10,0.001,1,0,1.0,0.0,1.0,1.0
1009,10,0.01,1,0,1.0,0.0,1.0,1.0
1010,10,0.1,1,0,1.0033003300330032,0.05740100122854703,1.0,2.0
1011,10,1.0,1,0,1.0033333333333334,0.05764833040850809,1.0,2.0
1012,10,0.001,10,0,1.0,0.0,1.0,1.0
1013,10,0.01,10,0,1.0,0.0,1.0,1.0
1014,10,0.1,10,0,1.0,0.0,1.0,1.0
1015,10,1.0,10,0,1.0033333333333334,0.05764833040850809,1.0,2.0
1016,10,0.001,100,0,1.0,0.0,1.0,1.0
1017,10,0.01,100,0,1.0147058823529411,0.12126781251816653,1.0,2.0
1018,10,0.1,100,0,1.0016666666666667,0.040824829046386304,1.0,2.0
1019,10,1.0,100,0,103.51923076923077,60.070475753156906,2.0,207.0
1020,10,0.001,1,0,1.0,0.0,1.0,1.0
1021,10,0.01,1,0,1.0,0.0,1.0,1.0
1022,10,0.1,1,0,1.0017064846416381,0.04130961923860138,1.0,2.0
1023,10,1.0,1,0,1.0033333333333334,0.05764833040850809,1.0,2.0
1024,10,0.001,10,0,1.0,0.0,1.0,1.0
1025,10,0.01,10,0,1.0,0.0,1.0,1.0
1026,10,0.1,10,0,1.001669449081803,0.04085889232227184,1.0,2.0
1027,10,1.0,10,0,1.0033333333333334,0.05764833040850809,1.0,2.0
1028,10,0.001,100,0,1.0,0.0,1.0,1.0
1029,10,0.01,100,0,1.0,0.0,1.0,1.0
1030,10,0.1,100,0,1.0165441176470589,0.12767291702102088,1.0,2.0
1031,10,1.0,100,0,103.51923076923077,60.070475753156906,2.0,207.0
1032,10,0.001,1,0,1.0,0.0,1.0,1.0
1033,10,0.01,1,0,1.0,0.0,1.0,1.0
1034,10,0.1,1,0,1.0017889087656529,0.04229549344378135,1.0,2.0
1035,10,1.0,1,0,1.0033333333333334,0.05764833040850809,1.0,2.0
1036,10,0.001,10,0,1.0,0.0,1.0,1.0
1037,10,0.01,10,0,1.015625,0.125,1.0,2.0
1038,10,0.1,10,0,1.0030911901081916,0.05555542263528526,1.0,2.0
1039,10,1.0,10,0,1.0033333333333334,0.05764833040850809,1.0,2.0
1040,10,0.001,100,0,1.0,0.0,1.0,1.0
1041,10,0.01,100,0,1.0,0.0,1.0,1.0
1042,10,0.1,100,0,1.0139130434782608,0.1439166888561345,1.0,3.0
1043,10,1.0,100,0,103.51923076923077,60.070475753156906,2.0,207.0
1044,10,0.001,1,0,1.0,0.0,1.0,1.0
1045,10,0.01,1,0,1.0,0.0,1.0,1.0
1046,10,0.1,1,0,1.0036496350364963,0.06035696267369487,1.0,2.0
1047,10,1.0,1,0,1.0033333333333334,0.05764833040850809,1.0,2.0
1048,10,0.001,10,0,1.0,0.0,1.0,1.0
1049,10,0.01,10,0,1.0,0.0,1.0,1.0
1050,10,0.1,10,0,1.0034129692832765,0.058370670269832274,1.0,2.0
1051,10,1.0,10,0,1.0033333333333334,0.05764833040850809,1.0,2.0
1052,10,0.001,100,0,1.0,0.0,1.0,1.0
1053,10,0.01,100,0,1.0,0.0,1.0,1.0
1054,10,0.1,100,0,1.0015748031496063,0.039683789506627265,1.0,2.0
1055,10,1.0,100,0,103.51923076923077,60.070475753156906,2.0,207.0
1056,10,0.001,1,0,1.0,0.0,1.0,1.0
1057,10,0.01,1,0,1.0,0.0,1.0,1.0
1058,10,0.1,1,0,1.0035714285714286,0.05970795266588228,1.0,2.0
1059,10,1.0,1,0,1.0033333333333334,0.05764833040850809,1.0,2.0
1060,10,0.001,10,0,1.0,0.0,1.0,1.0
1061,10,0.01,10,0,1.0,0.0,1.0,1.0
1062,10,0.1,10,0,1.0017391304347827,0.041702882811414946,1.0,2.0
1063,10,1.0,10,0,1.0033333333333334,0.05764833040850809,1.0,2.0
1064,10,0.001,100,0,1.0,0.0,1.0,1.0
1065,10,0.01,100,0,1.0,0.0,1.0,1.0
1066,10,0.1,100,0,1.0356564019448946,0.27685489881068487,1.0,5.0
1067,10,1.0,100,0,103.51923076923077,60.070475753156906,2.0,207.0
1068,10,0.001,1,0,1.0,0.0,1.0,1.0
1069,10,0.01,1,0,1.0,0.0,1.0,1.0
1070,10,0.1,1,0,1.0,0.0,1.0,1.0
1071,10,1.0,1,0,1.0033333333333334,0.05764833040850809,1.0,2.0
1072,10,0.001,10,0,1.0,0.0,1.0,1.0
1073,10,0.01,10,0,1.0,0.0,1.0,1.0
1074,10,0.1,10,0,1.0,0.0,1.0,1.0
1075,10,1.0,10,0,1.0033333333333334,0.05764833040850809,1.0,2.0
1076,10,0.001,100,0,1.0,0.0,1.0,1.0
1077,10,0.01,100,0,1.0,0.0,1.0,1.0
1078,10,0.1,100,0,1.0,0.0,1.0,1.0
1079,10,1.0,100,0,103.51923076923077,60.070475753156906,2.0,207.0
1080,10,0.001,1,0,Failed on tick 300,,,
1081,10,0.01,1,0,1.0,0.0,1.0,1.0
1082,10,0.1,1,0,1.0035971223021583,0.05992195758411889,1.0,2.0
1083,10,1.0,1,0,1.0033333333333334,0.05764833040850809,1.0,2.0
1084,10,0.001,10,0,1.0,0.0,1.0,1.0
1085,10,0.01,10,0,1.0166666666666666,0.1290994448735806,1.0,2.0
1086,10,0.1,10,0,1.0,0.0,1.0,1.0
1087,10,1.0,10,0,1.0033333333333334,0.05764833040850809,1.0,2.0
1088,10,0.001,100,0,1.0,0.0,1.0,1.0
1089,10,0.01,100,0,1.0,0.0,1.0,1.0
1090,10,0.1,100,0,1.0153846153846153,0.14840209667371582,1.0,3.0
1091,10,1.0,100,0,103.51923076923077,60.070475753156906,2.0,207.0
1092,10,0.001,1,0,1.0,0.0,1.0,1.0
1093,10,0.01,1,0,1.0,0.0,1.0,1.0
1094,10,0.1,1,0,1.0,0.0,1.0,1.0
1095,10,1.0,1,0,1.0033333333333334,0.05764833040850809,1.0,2.0
1096,10,0.001,10,0,1.0,0.0,1.0,1.0
1097,10,0.01,10,0,1.0,0.0,1.0,1.0
1098,10,0.1,10,0,1.0016233766233766,0.04029114820126902,1.0,2.0
1099,10,1.0,10,0,1.0033333333333334,0.05764833040850809,1.0,2.0
1100,10,0.001,100,0,1.0,0.0,1.0,1.0
1101,10,0.01,100,0,1.0,0.0,1.0,1.0
1102,10,0.1,100,0,1.0085763293310464,0.09228968245067636,1.0,2.0
1103,10,1.0,100,0,103.51923076923077,60.070475753156906,2.0,207.0
1104,10,0.001,1,0,1.0,0.0,1.0,1.0
1105,10,0.01,1,0,1.0,0.0,1.0,1.0
1106,10,0.1,1,0,1.0035398230088495,0.059443643284366174,1.0,2.0
1107,10,1.0,1,0,1.0033333333333334,0.05764833040850809,1.0,2.0
1108,10,0.001,10,0,1.0,0.0,1.0,1.0
1109,10,0.01,10,0,1.0,0.0,1.0,1.0
1110,10,0.1,10,0,1.0,0.0,1.0,1.0
1111,10,1.0,10,0,1.0033333333333334,0.05764833040850809,1.0,2.0
1112,10,0.001,100,0,1.0,0.0,1.0,1.0
1113,10,0.01,100,0,1.0,0.0,1.0,1.0
1114,10,0.1,100,0,1.0018726591760299,0.043274232240791556,1.0,2.0
1115,10,1.0,100,0,103.51923076923077,60.070475753156906,2.0,207.0
1116,10,0.001,1,0,1.0,0.0,1.0,1.0
1117,10,0.01,1,0,1.0,0.0,1.0,1.0
1118,10,0.1,1,0,1.0016806722689076,0.04099600308453939,1.0,2.0
1119,10,1.0,1,0,1.0033333333333334,0.05764833040850809,1.0,2.0
1120,10,0.001,10,0,1.0,0.0,1.0,1.0
1121,10,0.01,10,0,1.0,0.0,1.0,1.0
1122,10,0.1,10,0,1.0032733224222585,0.05716604166747091,1.0,2.0
1123,10,1.0,10,0,1.0033333333333334,0.05764833040850809,1.0,2.0
1124,10,0.001,100,0,1.0,0.0,1.0,1.0
1125,10,0.01,100,0,1.0,0.0,1.0,1.0
1126,10,0.1,100,0,1.001763668430335,0.0419960525565808,1.0,2.0
1127,10,1.0,100,0,103.51923076923077,60.070475753156906,2.0,207.0
1128,10,0.001,1,0,1.0,0.0,1.0,1.0
1129,10,0.01,1,0,1.0,0.0,1.0,1.0
1130,10,0.1,1,0,1.0,0.0,1.0,1.0
1131,10,1.0,1,0,1.0033333333333334,0.05764833040850809,1.0,2.0
1132,10,0.001,10,0,1.1,0.31622776601683794,1.0,2.0
1133,10,0.01,10,0,1.0,0.0,1.0,1.0
1134,10,0.1,10,0,1.0018281535648994,0.04275691248090127,1.0,2.0
1135,10,1.0,10,0,1.0033333333333334,0.05764833040850809,1.0,2.0
1136,10,0.001,100,0,1.0,0.0,1.0,1.0
1137,10,0.01,100,0,1.0,0.0,1.0,1.0
1138,10,0.1,100,0,1.0036968576709797,0.06074546598928707,1.0,2.0
1139,10,1.0,100,0,103.51923076923077,60.070475753156906,2.0,207.0
1140,10,0.001,1,0,1.0,0.0,1.0,1.0
1141,10,0.01,1,0,1.0,0.0,1.0,1.0
1142,10,0.1,1,0,1.0054744525547445,0.07385415543377954,1.0,2.0
1143,10,1.0,1,0,1.0033333333333334,0.05764833040850809,1.0,2.0
1144,10,0.001,10,0,1.0,0.0,1.0,1.0
1145,10,0.01,10,0,1.0,0.0,1.0,1.0
1146,10,0.1,10,0,1.0017421602787457,0.0417391935564841,1.0,2.0
1147,10,1.0,10,0,1.0033333333333334,0.05764833040850809,1.0,2.0
1148,10,0.001,100,0,1.0,0.0,1.0,1.0
1149,10,0.01,100,0,1.0,0.0,1.0,1.0
1150,10,0.1,100,0,1.0033613445378151,0.05792828073253068,1.0,2.0
1151,10,1.0,100,0,103.51923076923077,60.070475753156906,2.0,207.0
1152,10,0.001,1,0,1.0,0.0,1.0,1.0
1153,10,0.01,1,0,1.0,0.0,1.0,1.0
1154,10,0.1,1,0,1.0018050541516246,0.042485928866208736,1.0,2.0
1155,10,1.0,1,0,1.0033333333333334,0.05764833040850809,1.0,2.0
1156,10,0.001,10,0,1.0,0.0,1.0,1.0
1157,10,0.01,10,0,1.0,0.0,1.0,1.0
1158,10,0.1,10,0,1.0035714285714286,0.05970795266588228,1.0,2.0
1159,10,1.0,10,0,1.0033333333333334,0.05764833040850809,1.0,2.0
1160,10,0.001,100,0,1.0,0.0,1.0,1.0
1161,10,0.01,100,0,1.0,0.0,1.0,1.0
1162,10,0.1,100,0,1.0092250922509225,0.09569161167425218,1.0,2.0
1163,10,1.0,100,0,103.51923076923077,60.070475753156906,2.0,207.0
1164,10,0.001,1,0,1.0,0.0,1.0,1.0
1165,10,0.01,1,0,1.0,0.0,1.0,1.0
1166,10,0.1,1,0,1.0036297640653358,0.06019272791880985,1.0,2.0
1167,10,1.0,1,0,1.0033333333333334,0.05764833040850809,1.0,2.0
1168,10,0.001,10,0,1.0,0.0,1.0,1.0
1169,10,0.01,10,0,1.0,0.0,1.0,1.0
1170,10,0.1,10,0,1.0,0.0,1.0,1.0
1171,10,1.0,10,0,1.0033333333333334,0.05764833040850809,1.0,2.0
1172,10,0.001,100,0,1.0,0.0,1.0,1.0
1173,10,0.01,100,0,1.0,0.0,1.0,1.0
1174,10,0.1,100,0,1.0085616438356164,0.09221118074234244,1.0,2.0
1175,10,1.0,100,0,103.51923076923077,60.070475753156906,2.0,207.0
1176,10,0.001,1,0,1.0,0.0,1.0,1.0
1177,10,0.01,1,0,1.0,0.0,1.0,1.0
1178,10,0.1,1,0,1.0,0.0,1.0,1.0
1179,10,1.0,1,0,1.0033333333333334,0.05764833040850809,1.0,2.0
1180,10,0.001,10,0,1.0,0.0,1.0,1.0
1181,10,0.01,10,0,1.0,0.0,1.0,1.0
1182,10,0.1,10,0,1.0,0.0,1.0,1.0
1183,10,1.0,10,0,1.0033333333333334,0.05764833040850809,1.0,2.0
1184,10,0.001,100,0,Failed on tick 300,,,
1185,10,0.01,100,0,1.0,0.0,1.0,1.0
1186,10,0.1,100,0,1.0183823529411764,0.24955273608157025,1.0,5.0
1187,10,1.0,100,0,103.51923076923077,60.070475753156906,2.0,207.0
1188,10,0.001,1,0,1.0,0.0,1.0,1.0
1189,10,0.01,1,0,1.0,0.0,1.0,1.0
1190,10,0.1,1,0,1.0,0.0,1.0,1.0
1191,10,1.0,1,0,1.0033333333333334,0.05764833040850809,1.0,2.0
1192,10,0.001,10,0,1.0,0.0,1.0,1.0
1193,10,0.01,10,0,1.0,0.0,1.0,1.0
1194,10,0.1,10,0,1.0035906642728905,0.05986824069256332,1.0,2.0
1195,10,1.0,10,0,1.0033333333333334,0.05764833040850809,1.0,2.0
1196,10,0.001,100,0,1.0,0.0,1.0,1.0
1197,10,0.01,100,0,1.0,0.0,1.0,1.0
1198,10,0.1,100,0,1.0067114093959733,0.11575948960077577,1.0,3.0
1199,10,1.0,100,0,103.51923076923077,60.070475753156906,2.0,207.0
1200,10,0.001,1,0,1.0,0.0,1.0,1.0
1201,10,0.01,1,0,1.0,0.0,1.0,1.0
1202,10,0.1,1,0,1.0,0.0,1.0,1.0
1203,10,1.0,1,0,1.0033333333333334,0.05764833040850809,1.0,2.0
1204,10,0.001,10,0,1.0,0.0,1.0,1.0
1205,10,0.01,10,0,1.0,0.0,1.0,1.0
1206,10,0.1,10,0,1.0,0.0,1.0,1.0
1207,10,1.0,10,0,1.0033333333333334,0.05764833040850809,1.0,2.0
1208,10,0.001,100,0,1.0,0.0,1.0,1.0
1209,10,0.01,100,0,1.0,0.0,1.0,1.0
1210,10,0.1,100,0,1.0108108108108107,0.11968019309550557,1.0,3.0
1211,10,1.0,100,0,103.51923076923077,60.070475753156906,2.0,207.0
1212,10,0.001,1,0,1.0,0.0,1.0,1.0
1213,10,0.01,1,0,1.0158730158730158,0.12598815766974242,1.0,2.0
1214,10,0.1,1,0,1.0018248175182483,0.04271788288583805,1.0,2.0
1215,10,1.0,1,0,1.0033333333333334,0.05764833040850809,1.0,2.0
1216,10,0.001,10,0,1.0,0.0,1.0,1.0
1217,10,0.01,10,0,1.0,0.0,1.0,1.0
1218,10,0.1,10,0,1.0,0.0,1.0,1.0
1219,10,1.0,10,0,1.0033333333333334,0.05764833040850809,1.0,2.0
1220,10,0.001,100,0,1.0,0.0,1.0,1.0
1221,10,0.01,100,0,1.0161290322580645,0.12700012700019053,1.0,2.0
1222,10,0.1,100,0,1.001865671641791,0.04319342127906802,1.0,2.0
1223,10,1.0,100,0,103.51923076923077,60.070475753156906,2.0,207.0
1224,10,0.001,1,0,1.0,0.0,1.0,1.0
1225,10,0.01,1,0,1.0185185185185186,0.1360827634879543,1.0,2.0
1226,10,0.1,1,0,1.0017391304347827,0.041702882811414946,1.0,2.0
1227,10,1.0,1,0,1.0033333333333334,0.05764833040850809,1.0,2.0
1228,10,0.001,10,0,1.0,0.0,1.0,1.0
1229,10,0.01,10,0,1.0,0.0,1.0,1.0
1230,10,0.1,10,0,1.0,0.0,1.0,1.0
1231,10,1.0,10,0,1.0033333333333334,0.05764833040850809,1.0,2.0
1232,10,0.001,100,0,1.0,0.0,1.0,1.0
1233,10,0.01,100,0,1.0,0.0,1.0,1.0
1234,10,0.1,100,0,1.0,0.0,1.0,1.0
1235,10,1.0,100,0,103.51923076923077,60.070475753156906,2.0,207.0
1236,10,0.001,1,0,1.0,0.0,1.0,1.0
1237,10,0.01,1,0,1.0,0.0,1.0,1.0
1238,10,0.1,1,0,1.0032102728731942,0.05661370560904098,1.0,2.0
1239,10,1.0,1,0,1.0033333333333334,0.05764833040850809,1.0,2.0
1240,10,0.001,10,0,1.0,0.0,1.0,1.0
1241,10,0.01,10,0,1.0,0.0,1.0,1.0
1242,10,0.1,10,0,1.0017241379310344,0.04152273992686998,1.0,2.0
1243,10,1.0,10,0,1.0033333333333334,0.05764833040850809,1.0,2.0
1244,10,0.001,100,0,1.0,0.0,1.0,1.0
1245,10,0.01,100,0,1.0,0.0,1.0,1.0
1246,10,0.1,100,0,1.0353356890459364,0.3839553952225412,1.0,7.0
1247,10,1.0,100,0,103.51923076923077,60.070475753156906,2.0,207.0
1248,10,0.001,1,0,1.0,0.0,1.0,1.0
1249,10,0.01,1,0,1.0,0.0,1.0,1.0
1250,10,0.1,1,0,1.0017094017094017,0.04134491152973616,1.0,2.0
1251,10,1.0,1,0,1.0033333333333334,0.05764833040850809,1.0,2.0
1252,10,0.001,10,0,1.0,0.0,1.0,1.0
1253,10,0.01,10,0,1.0,0.0,1.0,1.0
1254,10,0.1,10,0,1.0017301038062283,0.041594516540385144,1.0,2.0
1255,10,1.0,10,0,1.0033333333333334,0.05764833040850809,1.0,2.0
1256,10,0.001,100,0,1.0,0.0,1.0,1.0
1257,10,0.01,100,0,1.0,0.0,1.0,1.0
1258,10,0.1,100,0,1.0035971223021583,0.05992195758411889,1.0,2.0
1259,10,1.0,100,0,103.51923076923077,60.070475753156906,2.0,207.0
1260,10,0.001,1,0,1.0,0.0,1.0,1.0
1261,10,0.01,1,0,1.0,0.0,1.0,1.0
1262,10,0.1,1,0,1.0,0.0,1.0,1.0
1263,10,1.0,1,0,1.0033333333333334,0.05764833040850809,1.0,2.0
1264,10,0.001,10,0,1.0,0.0,1.0,1.0
1265,10,0.01,10,0,1.0140845070422535,0.11867816581938531,1.0,2.0
1266,10,0.1,10,0,1.0018315018315018,0.042796049251091296,1.0,2.0
1267,10,1.0,10,0,1.0033333333333334,0.05764833040850809,1.0,2.0
1268,10,0.001,100,0,1.0,0.0,1.0,1.0
1269,10,0.01,100,0,1.0,0.0,1.0,1.0
1270,10,0.1,100,0,1.0155979202772965,0.19030138157407206,1.0,4.0
1271,10,1.0,100,0,103.51923076923077,60.070475753156906,2.0,207.0
1272,10,0.001,1,0,1.0,0.0,1.0,1.0
1273,10,0.01,1,0,1.0,0.0,1.0,1.0
1274,10,0.1,1,0,1.0034782608695652,0.058925386563340815,1.0,2.0
1275,10,1.0,1,0,1.0033333333333334,0.05764833040850809,1.0,2.0
1276,10,0.001,10,0,1.0,0.0,1.0,1.0
1277,10,0.01,10,0,1.0166666666666666,0.1290994448735806,1.0,2.0
1278,10,0.1,10,0,1.0,0.0,1.0,1.0
1279,10,1.0,10,0,1.0033333333333334,0.05764833040850809,1.0,2.0
1280,10,0.001,100,0,1.0,0.0,1.0,1.0
1281,10,0.01,100,0,1.0,0.0,1.0,1.0
1282,10,0.1,100,0,1.0018214936247722,0.04267895997763199,1.0,2.0
1283,10,1.0,100,0,103.51923076923077,60.070475753156906,2.0,207.0
1284,10,0.001,1,0,Failed on tick 300,,,
1285,10,0.01,1,0,1.0,0.0,1.0,1.0
1286,10,0.1,1,0,1.0,0.0,1.0,1.0
1287,10,1.0,1,0,1.0033333333333334,0.05764833040850809,1.0,2.0
1288,10,0.001,10,0,1.0,0.0,1.0,1.0
1289,10,0.01,10,0,1.0,0.0,1.0,1.0
1290,10,0.1,10,0,1.0054844606946984,0.07392138455875996,1.0,2.0
1291,10,1.0,10,0,1.0033333333333334,0.05764833040850809,1.0,2.0
1292,10,0.001,100,0,1.0,0.0,1.0,1.0
1293,10,0.01,100,0,1.0,0.0,1.0,1.0
1294,10,0.1,100,0,1.0036429872495447,0.06030206847690137,1.0,2.0
1295,10,1.0,100,0,103.51923076923077,60.070475753156906,2.0,207.0
1296,10,0.001,1,0,1.0,0.0,1.0,1.0
1297,10,0.01,1,0,1.0,0.0,1.0,1.0
1298,10,0.1,1,0,1.00355871886121,0.05960180646446991,1.0,2.0
1299,10,1.0,1,0,1.0033333333333334,0.05764833040850809,1.0,2.0
1300,10,0.001,10,0,1.0,0.0,1.0,1.0
1301,10,0.01,10,0,1.0,0.0,1.0,1.0
1302,10,0.1,10,0,1.0017452006980803,0.04177559931443569,1.0,2.0
1303,10,1.0,10,0,1.0033333333333334,0.05764833040850809,1.0,2.0
1304,10,0.001,100,0,1.0,0.0,1.0,1.0
1305,10,0.01,100,0,1.0,0.0,1.0,1.0
1306,10,0.1,100,0,1.0018018018018018,0.04244763599780088,1.0,2.0
1307,10,1.0,100,0,103.51923076923077,60.070475753156906,2.0,207.0
1308,10,0.001,1,0,1.0,0.0,1.0,1.0
1309,10,0.01,1,0,1.0,0.0,1.0,1.0
1310,10,0.1,1,0,1.0,0.0,1.0,1.0
1311,10,1.0,1,0,1.0033333333333334,0.05764833040850809,1.0,2.0
1312,10,0.001,10,0,1.0,0.0,1.0,1.0
1313,10,0.01,10,0,1.0,0.0,1.0,1.0
1314,10,0.1,10,0,1.0,0.0,1.0,1.0
1315,10,1.0,10,0,1.0033333333333334,0.05764833040850809,1.0,2.0
1316,10,0.001,100,0,1.0,0.0,1.0,1.0
1317,10,0.01,100,0,1.0,0.0,1.0,1.0
1318,10,0.1,100,0,1.0185497470489038,0.21275204759099,1.0,4.0
1319,10,1.0,100,0,103.51923076923077,60.070475753156906,2.0,207.0
